Country_Name,Country_Code,Quarter,Goods Balance,Services Balance,Primary Income,Secondary Income,Current Account,Capital Account,Direct Investment,Portfolio Investment,Financial Derivatives,Other Investment,Financial Account,Net Errors & Omissions,Net lending/borrowing,Reserve Assets
Argentina,ARG,1990Q1,1935.0,-236.0,-1035.0,258.0,922.0,0.0,-66.0,352.0,0.0,771.0,935.0,13.0,922.0,-1117.700331355672
Argentina,ARG,1990Q2,2420.0,-49.0,-1408.0,107.0,1070.0,0.0,-114.0,44.0,0.0,-74.0,1202.0,132.0,1070.0,513.418606622585
Argentina,ARG,1990Q3,2556.0,-118.0,-1021.0,286.0,1703.0,0.0,-213.0,96.0,0.0,1690.0,1781.0,78.0,1703.0,-739.943117789315
Argentina,ARG,1990Q4,1717.0,-271.0,-936.0,347.0,857.0,0.0,-1443.0,817.0,0.0,213.0,853.0,-4.0,857.0,726.856334473382
Argentina,ARG,1991Q1,1151.0,-597.0,-1001.0,215.0,-232.0,0.0,-180.0,252.0,0.0,517.0,-261.0,-29.0,-232.0,-1589.678851856233
Argentina,ARG,1991Q2,1778.0,-229.0,-1215.0,124.0,458.0,0.0,-440.0,62.0,0.0,220.0,348.0,-110.0,458.0,-140.0829542056014
Argentina,ARG,1991Q3,1375.0,-353.0,-811.0,194.0,405.0,0.0,-982.0,-332.0,0.0,938.0,483.0,78.0,405.0,-196.5002410969708
Argentina,ARG,1991Q4,115.0,-420.0,-1233.0,260.0,-1278.0,0.0,-837.0,-465.0,0.0,-1855.0,-1342.0,-64.0,-1278.0,1119.90340704574
Argentina,ARG,1992Q1,-70.6,-810.5,-632.262320424524,188.4,-1324.96232042452,1.3,-277.419080770035,-1672.52003541727,0.0,679.579317743627,-727.359798443683,596.302521980841,-1323.66232042452,380.9958616958428
Argentina,ARG,1992Q2,49.1,-492.7,-560.958924775179,202.4,-802.158924775178,0.2,-221.893380770035,-921.35774847468,0.0,-668.147986890218,-801.399116134933,0.559808640244722,-801.9589247751779,836.210828717482
Argentina,ARG,1992Q3,-681.2,-574.4,-584.030691749082,158.5,-1681.13069174908,13.8,-836.656380770035,-1473.37110858746,0.0,-767.698511561807,-2639.7260009193,-972.395309170221,-1667.33069174908,-165.3857476067501
Argentina,ARG,1992Q4,-694.7,-678.3,-606.402621673902,239.9,-1739.5026216739,0.4,-1929.09438077004,-792.876556878433,0.0,-271.921377376218,-1710.89231502469,28.2103066492128,-1739.1026216738999,841.955912819592
Argentina,ARG,1993Q1,-119.6,-1087.34,-686.097714047936,125.3,-1767.73771404794,1.2,-262.204352524568,-1093.02536273858,0.0,-108.306313713979,-966.536028977127,800.001685070809,-1766.53771404794,-965.887491225202
Argentina,ARG,1993Q2,11.4,-721.1,-704.841628327807,165.9,-1248.64162832781,0.1,-278.962352524568,-22991.664228802,0.0,21801.4097431406,-1817.21683818604,-568.675209858232,-1248.54162832781,8622.421654755644
Argentina,ARG,1993Q3,-882.8,-702.6,-727.499060936846,108.0,-2204.89906093685,14.4,-792.722352524568,-4542.33552737565,0.0,1151.5992969039,-2270.45858299632,-79.9595220594721,-2190.49906093685,1683.637528183002
Argentina,ARG,1993Q4,-1378.9,-808.3,-950.411536852387,153.0,-2984.61153685239,0.4,-754.126352524568,-5775.44697183556,0.0,-534.049448042373,-4875.6227724025,-1891.41123555012,-2984.21153685239,1781.967005675442
Argentina,ARG,1994Q1,-1468.2,-1305.1,-758.441182851308,84.5,-3447.24118285131,1.3,-397.371969566087,-2543.43867504678,0.0,-755.012937928088,-4232.82358254096,-786.882399689648,-3445.94118285131,-1119.72536753893
Argentina,ARG,1994Q2,-641.5,-760.7,-828.053164901866,158.2,-2072.05316490187,0.2,-676.680969566087,460.95741350195,0.0,-126.970448412249,-285.694004476387,1786.15916042548,-2071.85316490187,-82.8510922328844
Argentina,ARG,1994Q3,-984.9,-816.3,-872.813958266419,83.6,-2590.41395826642,15.5,-611.012969566087,-4114.90165230374,0.0,-126.813857010873,-5004.7284788807,-2429.81452061428,-2574.91395826642,-672.5019929149036
Argentina,ARG,1994Q4,-1040.9,-900.3,-1099.44466407503,170.9,-2869.74466407503,0.5,-937.021969566087,-3263.92508155533,0.0,-671.725032019562,-3558.67208314098,-689.427419065951,-2869.24466407503,1200.274255760505
Argentina,ARG,1995Q1,-304.3,-1195.7,-1126.11995794794,104.4,-2521.71995794794,0.0,-496.687981805422,1718.90486626975,0.0,1481.00096901695,-3191.78214651873,-670.062188570786,-2521.71995794794,-6043.848091143207
Argentina,ARG,1995Q2,1905.22,-715.1,-1217.39434967634,222.2,194.925650323655,0.1,-748.649430187126,-746.976760224705,0.0,-129.895938372632,767.477871215537,572.452220891882,195.025650323655,802.764763663372
Argentina,ARG,1995Q3,708.694,-733.6,-1097.60029514279,113.4,-1009.10629514279,13.4,-1164.35650750824,-1127.46053566776,0.0,-296.032671158362,-2308.84971433436,-1313.14341919157,-995.70629514279,29.1332604147257
Argentina,ARG,1995Q4,27.901,-771.8,-1194.95765152376,156.8,-1782.05665152375,0.7,-1702.58048406388,-2157.95711352324,0.0,-2316.40410727705,-3055.94170486418,-1274.58505334043,-1781.3566515237499,2900.619934613962
Argentina,ARG,1996Q1,126.6,-1160.91070894773,-1186.49015752066,92.3,-2128.5008664684,3.2,-1102.91487797914,-3796.20105436036,0.0,737.354207856145,-4015.76172448335,-1890.46085801496,-2125.3008664684003,-412.9477173402159
Argentina,ARG,1996Q2,1284.3,-722.417927167085,-1201.41113948261,153.2,-486.329066649693,-0.6,-613.240266166906,-1942.65156413786,0.0,828.536068267208,-457.355762037556,29.5733046121368,-486.929066649693,1300.495281749301
Argentina,ARG,1996Q3,315.1,-841.147872040668,-1176.19550408908,80.8,-1621.44337612975,44.5,-1625.88788538046,-1563.01138150639,0.0,1184.78264075607,-2433.11662613078,-856.173250001034,-1576.94337612975,-332.1514884747403
Argentina,ARG,1996Q4,25.4,-814.372915569715,-1900.63193566772,155.9,-2533.70485123743,3.7,-2005.74465712074,-2292.32804883708,0.0,-6.72668141328144,-1409.7993873711,1120.20546386633,-2530.00485123743,2702.283845695758
Argentina,ARG,1997Q1,-307.5,-1393.38017587149,-1476.66174139489,94.6746468446638,-3082.86727042172,6.7,-498.946007303914,-4317.46177150501,0.0,1221.6085397152,-3879.79923909372,-803.631968672,-3076.1672704217203,-324.2929098587438
Argentina,ARG,1997Q2,196.0,-917.027513812647,-1520.12575837009,156.95407188817,-2084.19920029456,0.0,-1005.0556274843,-1682.75294173093,0.0,757.474038483425,-380.334530731808,1703.86466956275,-2084.19920029456,1509.880413501978
Argentina,ARG,1997Q3,-706.5,-1133.38577255567,-1563.62801473196,101.355634403632,-3302.158152884,24.5,-1651.34300119974,-4134.09354660977,0.0,945.368148876816,-5219.06839893269,-1941.41024604869,-3277.658152884,-305.8513215670041
Argentina,ARG,1997Q4,-1314.6,-931.421775190915,-1584.69541525394,161.873218705726,-3668.84397173912,35.1,-2352.10941645665,-890.113794535382,0.0,-4034.06508819041,-4889.28829918244,-1255.54432744332,-3633.7439717391203,2450.810286699009
Argentina,ARG,1998Q1,-1202.9,-1451.79886733168,-1858.35697275844,90.8930073400265,-4422.1628327501,-3.2,-474.18155432733,-2670.49106178571,0.0,312.113502383794,-3662.55911372925,762.803719020849,-4425.3628327501,-572.775999834841
Argentina,ARG,1998Q2,-20.2,-937.914936993155,-1760.95928769032,130.035402420021,-2589.03882226345,31.9,-1385.26678939834,-2622.61500179432,0.0,-374.974675248883,-2951.85646644154,-394.717644178083,-2557.13882226345,1479.439975034796
Argentina,ARG,1998Q3,-918.0,-1076.5002736031,-1846.75613806046,94.1155376762942,-3747.14087398727,42.6,-1600.90962236921,-2164.19297259155,0.0,-1774.14848941858,-4380.25108437934,-675.710210392063,-3704.54087398727,1361.26300812552
Argentina,ARG,1998Q4,-981.1,-953.133896260759,-1938.44587155011,149.024254560622,-3723.65551325025,1.6,-1504.82216598668,-1330.47941322055,0.0,-2691.9298576477,-3849.23143685494,-127.175923604691,-3722.05551325025,1822.303271644539
Argentina,ARG,1999Q1,-465.1,-1355.19521096711,-1721.80051729416,105.990949094273,-3436.104779167,12.1,-3388.77793937637,232.538928052292,0.0,524.652606082747,-3639.78640524133,-215.781626074327,-3424.004779167,-765.7963012394617
Argentina,ARG,1999Q2,692.7,-808.839321900001,-1908.2050719585,102.046570698533,-1922.29782315997,2.2,-14264.3499398007,7495.29291106759,0.0,4245.00329685747,-2485.85373187563,-565.755908715663,-1920.09782315997,60.65491649791889
Argentina,ARG,1999Q3,-538.1,-989.053130328826,-1902.32379277259,105.739020227739,-3323.73790287368,66.7,-2736.42922116012,481.102726967327,0.0,1343.33053954535,-2788.59595464744,468.441948226234,-3257.03790287368,-1508.505633309643
Argentina,ARG,1999Q4,-504.9,-937.270392639183,-1958.04795499502,139.533524819057,-3260.68482281514,68.1,-1867.85628930557,-1424.0229679056,0.0,-4262.61779682135,-3506.99705403253,-314.412231217383,-3192.58482281514,4226.292930367191
Argentina,ARG,2000Q1,157.7,-1450.48890566972,-2047.50125449987,90.8380176736765,-3249.45214249591,25.9,-2008.90027299883,-1389.59682468913,0.0,-173.483230469723,-3997.58032815768,-774.028185661765,-3223.5521424959097,-92.2584114379538
Argentina,ARG,2000Q2,1358.1,-934.912152476602,-1900.61879352392,102.681531400589,-1374.74941459993,24.4,-886.586306224493,-1797.35655083184,0.0,2661.73548208891,1050.29262503258,2400.64203963251,-1350.34941459993,1310.644544263572
Argentina,ARG,2000Q3,498.8,-1035.98552577689,-1883.24571921324,99.2042870461584,-2321.22695794397,44.8,-6146.70728896576,4389.76873279642,0.0,-693.527706484862,-4646.66626265421,-2370.23930471024,-2276.4269579439697,-1767.645568790023
Argentina,ARG,2000Q4,433.5,-858.596888033346,-1716.40460138443,106.312111829969,-2035.1893775878,10.8,-475.092271615884,1380.79023666056,0.0,-3492.14782865671,-1477.04986361204,547.339513975765,-2024.3893775878,-627.198324435846
Argentina,ARG,2001Q1,489.1,-1484.82573650463,-1947.75575641242,114.12502994744,-2829.35646296962,54.8,-1562.43241671331,2475.52484821937,0.0,-961.295537232957,-3934.2031057269,-1159.64664275729,-2774.55646296962,-6439.901891861808
Argentina,ARG,2001Q2,2047.5,-1007.77737515511,-2090.41545501308,98.607683842248,-952.085146325939,-2.2,-732.919198345926,1294.93351687016,0.0,-2186.48678326481,-3063.57246474057,-2109.28731841463,-954.2851463259391,-2409.419388484677
Argentina,ARG,2001Q3,2320.7,-883.262741070641,-2089.20095343969,93.6554029728249,-558.1082915375,46.2,-621.937012033221,2179.79127310692,0.0,-125.241705276921,1171.31255579678,1683.22084733428,-511.9082915375,-6361.860270996589
Argentina,ARG,2001Q4,2512.9,-472.523503605437,-1599.35653744394,118.106700688837,559.126659639463,57.7,912.028484823626,3553.06964141538,0.0,1370.27951924272,-661.32235451827,-1278.14901415773,616.8266596394631,-6193.752352686813
Argentina,ARG,2002Q1,3769.0,-557.15,-2058.22,95.84,1249.47,37.9,-1754.59,1772.55,0.0,2543.77,375.13,-912.24,1287.3700000000001,-3894.125099586575
Argentina,ARG,2002Q2,4742.0,-365.95,-1966.59,120.6,2530.06,23.1,-209.5,1183.61,0.0,4185.39,2031.46,-521.7,2553.16,-4975.994563478767
Argentina,ARG,2002Q3,4545.5,-299.44,-1704.57,120.8,2662.29,149.0,475.6,-124.44,0.0,2493.01,2629.05,-182.24,2811.29,-1792.446127671777
Argentina,ARG,2002Q4,4104.7,-221.38,-1761.3,202.77,2324.79,196.11,-1287.56,1808.61,0.0,723.21,2258.37,-262.53,2520.9,-2739.892794355046
Argentina,ARG,2003Q1,4200.6,-401.6,-1914.74,111.89,1996.15,31.85,60.39,2003.04,0.0,-963.95,1169.12,-858.88,2028.0,-2630.816092321741
Argentina,ARG,2003Q2,5293.3,-291.09,-1869.9,143.47,3275.78,0.4,363.73,2145.27,0.0,-1664.12,2496.31,-779.87,3276.1800000000003,-1852.271802878576
Argentina,ARG,2003Q3,4029.5,-385.59,-2141.93,119.53,1621.51,35.6,299.25,588.85,0.0,-564.46,1559.61,-97.5,1657.11,-479.76589489999
Argentina,ARG,2003Q4,3292.8,-126.42,-2049.12,129.23,1246.49,2.2,-1601.6,3020.92,0.0,-445.39,1597.67,348.98,1248.69,-4114.503236956089
Argentina,ARG,2004Q1,2941.2,-351.12,-2190.2,115.85,515.73,3.3,-1524.21,3829.96,0.0,-2447.3,741.71,222.68,519.03,-4085.796276913255
Argentina,ARG,2004Q2,4186.4,-296.22,-2267.05,166.03,1789.16,3.2,-699.01,1121.18,0.0,-1347.02,1644.45,-147.91,1792.3600000000001,797.453527322571
Argentina,ARG,2004Q3,3267.0,-402.03,-2363.42,108.16,609.71,37.1,-773.05,2242.16,0.0,-1878.64,309.74,-337.07,646.8100000000001,-2300.139704721654
Argentina,ARG,2004Q4,2883.1,-294.72,-2462.14,170.95,297.19,152.7,-452.45,2222.31,0.0,-1672.67000563282,1244.48999436718,794.59999436718,449.89,-1404.90863428823
Argentina,ARG,2005Q1,2779.8,-311.25,-2465.68,122.61,125.48,47.0,-1045.28,3123.02,0.0,-2220.56,708.01,535.53,172.48000000000002,-2412.34572197608
Argentina,ARG,2005Q2,3511.6,-433.22,-1468.79,124.69,1734.28,3.3,-2099.96,-624.98,0.0,1947.16,2155.57,417.99,1737.58,4309.73584357736
Argentina,ARG,2005Q3,3838.45,-252.43,-1738.88,107.85,1954.99,37.4,59.21,-911.28,0.0,-176.66,1531.26,-461.13,1992.39,3463.300052481078
Argentina,ARG,2005Q4,3004.2,-41.93,-1632.01,128.74,1459.0,1.2,-868.16,-1200.3,0.0,633.68,1077.89,-382.31,1460.2,2292.757936950341
Argentina,ARG,2006Q1,2906.3,-215.224057727681,-2177.7488594003,189.939790660481,703.266873532502,10.4,-1375.7522158134,-2253.09621789303,-15.9568186753769,11059.781861427,781.036609045184,67.369735512682,713.666873532502,2963.971806692185
Argentina,ARG,2006Q2,4123.5,-320.291967439859,-2159.04006717335,272.426485792557,1916.59445117935,39.9,-672.391114497571,-1970.56478315304,-32.3651851740977,813.193860376086,1980.88277755137,24.3883263720254,1956.49445117935,3839.64787692299
Argentina,ARG,2006Q3,3255.5,-268.624010135983,-1690.74355227089,220.73404160154,1516.86647919467,45.4304121022431,-1116.86682116257,-802.528171834329,-37.9954260251855,659.816501122787,1232.3860821007,-329.910809196213,1562.2968912969131,2529.715072409298
Argentina,ARG,2006Q4,3744.3,41.1826084628115,-1695.07750405698,271.66961189218,2362.07471629801,1.89391570255773,66.3830858412053,-2213.20761585812,212.961965181665,1629.18798410554,3486.12541927029,1122.15678726972,2363.968632000568,3790.600104685195
Argentina,ARG,2007Q1,2424.5,-96.7307768281007,-1957.66188985221,231.694754102176,601.802087421871,11.5,-717.428792641087,-2299.26154157734,7.88817309237557,-174.591059326031,1476.29677954792,862.994692126047,613.302087421871,4659.591840091163
Argentina,ARG,2007Q2,3984.2,-361.949674149022,-1881.32894824595,285.26917757508,2026.19055518011,6.68319644540191,-702.354074195666,-5662.70370893534,26.8528357607342,960.15724002138,961.592292651113,-1071.2814589744,2032.873751625512,6339.527465010055
Argentina,ARG,2007Q3,2346.262,-482.472257949415,-1665.61993150223,251.095016123226,449.264826671577,102.210715522771,-1530.03204193125,1488.81716708212,-17.9536004130181,1597.68039845733,696.761923195183,145.286381000835,551.475542194348,-841.5452762181267
Argentina,ARG,2007Q4,4797.1,-40.3293147847394,-2090.0449938475,304.554732245369,2971.28042361313,0.751977000000001,-2019.10989201657,-994.814814093143,547.8,2298.78059038272,2764.795884273,-207.23651634013,2972.03240061313,2932.994768222015
Argentina,ARG,2008Q1,3860.4,-556.7722602209,-2254.53847392727,274.125298317276,1323.2145641691,43.631,-3137.00136673117,1033.61562451162,-12.4,1192.51157784982,2610.93583563028,1244.09027146117,1366.8455641691,3534.250188228238
Argentina,ARG,2008Q2,2942.3,-706.837441177241,-2229.82942429935,313.626659414817,319.259793938225,14.7511447920026,-1946.19189385618,2143.69337454994,59.9,1695.57675539155,-667.961763914693,-1001.97270264492,334.0109387302276,-2621.056873335819
Argentina,ARG,2008Q3,5658.472,-699.55743265897,-2226.49065358187,259.494906508216,2991.91882026738,123.8,-1854.0751498344,4012.07822025137,11.8,2415.12652099956,4535.49959141653,1419.78077114915,3115.71882026738,-49.38048577768559
Argentina,ARG,2008Q4,3102.1,-259.167892646136,-2323.3321482299,267.213191111418,786.813150235379,2.87787193487515,-1397.35013022537,689.201843996941,875.4,754.688805814439,75.4805195860174,-714.210502584237,789.6910221702542,-844.9810739410975
Argentina,ARG,2009Q1,3998.7,-630.80834364038,-2372.68264403296,195.482542041553,1190.69155436822,22.0682967734612,-1329.37577451031,826.394806487892,-0.9,1300.3478927295,1063.58692470708,-149.172926434598,1212.7598511416813,267.6242519694064
Argentina,ARG,2009Q2,6799.439,-350.034319718339,-2419.55557299339,267.975981005273,4297.82508829355,0.6,-581.000710879901,-29.5965457104192,3.1,4379.98261577663,3073.7653591863,-1224.65972910724,4298.42508829355,-698.657313538936
Argentina,ARG,2009Q3,3764.488,-722.801637866831,-2528.81222180185,191.847756565787,704.721896897103,54.7167318916649,-330.661602219941,817.147247557825,20.4,-1761.26173509422,556.713910243671,-202.724718545097,759.4386287887679,1799.157807222248
Argentina,ARG,2009Q4,4082.223,-288.387188378718,-2997.82456274477,264.865895501645,1060.87714437816,2.5991993196065,-1064.57443352826,539.1976282873,1225.7,1351.67322845762,2018.71642321666,955.240079518903,1063.4763436977664,-33.71131294578416
Argentina,ARG,2010Q1,2520.98035765,-570.607920341858,-3722.87549982267,139.983225437539,-1632.51983707698,17.275787489199,-3159.37029089772,-211.473092031758,23.4,1989.64892810145,-1661.39445482803,-46.1504052402456,-1615.2440495877809,-303.5438154008661
Argentina,ARG,2010Q2,5936.73909555,-564.182635874758,-3486.39476710186,215.221778620453,2101.38347119383,3.9,-1898.73739831721,-1082.57856257289,84.0250020335049,1730.36931165298,937.488352796391,-1167.79511839744,2105.28347119383,2104.352029109629
Argentina,ARG,2010Q3,3532.1404606,-533.911338392294,-3649.64685277466,122.182175200082,-529.235555366864,54.735,-2906.16744392378,-309.074953912127,-798.7,1918.55933168632,-816.583066149596,-342.082510782732,-474.500555366864,1278.508415084218
Argentina,ARG,2010Q4,2157.24938469,-134.886755302784,-3688.61608423777,103.629504849887,-1562.62395000067,2.56709724756904,-2403.68281290395,-1659.06700790035,-20.9829688881965,744.378670448889,-2261.61411924361,-701.557266490502,-1560.0568527531009,1077.416068686156
Argentina,ARG,2011Q1,2082.90228318,-851.719894852195,-3497.99128291491,24.6811318160188,-2242.12776277108,16.4506,-3213.7545610247,-695.364109016023,35.9009022059723,3156.39800461612,-1876.30976321863,349.367399552442,-2225.67716277108,-1159.778175291082
Argentina,ARG,2011Q2,4899.55232564,-781.815399596358,-3766.26911820558,157.520410844401,508.988218682458,1.15,-631.506566316237,-84.9487582620553,161.256137739978,497.614018520785,168.134831682473,-342.003386999985,510.138218682458,225.1857823054806
Argentina,ARG,2011Q3,2809.74301034,-882.780148191648,-3654.53858075814,211.465858153944,-1516.10986045585,44.622,-1390.31127575062,-142.721866306438,32.9471578232777,1176.56133629322,-3477.04464794056,-2005.55678748471,-1471.4878604558498,-3152.686016418046
Argentina,ARG,2011Q4,2558.73346763,-636.172594436263,-4154.26811797249,140.775456928025,-2090.93178785073,0.501246223564955,-4116.35854158994,779.800577308176,2126.07720252451,3164.11736601145,-66.983395745804,2023.44714588136,-2090.430541627165,-2019.556444648472
Argentina,ARG,2012Q1,3047.27200551,-1223.25851960607,-3756.49834392929,150.015475298524,-1782.46938272684,0.850000000000001,-4153.61051060202,-1906.2137926231,9.051,3376.18482908301,-2004.78847414211,-223.169091415274,-1781.61938272684,670.0136002884911
Argentina,ARG,2012Q2,4601.25109001001,-1028.77341972023,-3271.46285802489,197.893560870929,498.908373135819,22.1902995688196,-3611.94776919585,425.710582591144,0.588,4143.35303912095,258.873852516243,-262.224820188395,521.0986727046386,-698.7562428498416
Argentina,ARG,2012Q3,4244.94298829001,-1016.30230748321,-3329.34441346649,167.061149372726,66.3574167130282,28.495,-3106.11956191147,1401.36105002109,26.028,2885.7750357337,-519.445476156688,-614.297892869716,94.8524167130282,-1726.209381977566
Argentina,ARG,2012Q4,3147.44670273,-828.890477162337,-3396.53501163234,157.142018509711,-920.836767554967,-3.651255,-3397.40649705844,229.060485583066,2872.51446603051,1322.25602944924,-522.775515995634,401.712506559333,-924.488022554967,-1549.170991035846
Argentina,ARG,2013Q1,1011.61183509001,-1730.27634765586,-3342.83109247128,175.669419577824,-3885.82618545931,1.01575621843786,-1941.4933847272,-278.484283305519,-12.2392769807118,148.011979018129,-4667.6349659953,-782.824536754432,-3884.8104292408725,-2577.215325380994
Argentina,ARG,2013Q2,3779.55849298993,-1276.94532892786,-3280.78099706065,452.422154768643,-325.745678229941,0.2678375,-2920.37691265045,945.257380361018,-14.421741732564,3965.78139239895,-734.449881623045,-408.972040893104,-325.477840729941,-2716.79287291194
Argentina,ARG,2013Q3,1363.03014046997,-1353.91551537186,-3262.52187486657,231.30265286095,-3022.10459690751,32.6452675,-2512.58124788678,189.688974942494,1.57355806904797,667.639828800013,-4238.57888607523,-1249.11955666772,-2989.45932940751,-2584.945787849927
Argentina,ARG,2013Q4,-1518.96522763998,-967.778923383182,-3278.69361044534,-125.259563798033,-5890.69732526653,-0.5159875,-1557.23745416722,-1289.04799229205,-7.28921089979385,274.081899799387,-6524.23275755968,-633.019444793153,-5891.21331276653,-3944.924366980937
Argentina,ARG,2014Q1,-2016.89269814,-1550.79007797739,-2782.57018302287,302.698304422928,-6047.55465471733,1.728013,-38.7459372884639,-1163.7647699843,35.7638988731597,397.329696389172,-4502.53711201043,1543.28952970689,-6045.82664171733,-3733.184815648647
Argentina,ARG,2014Q2,4303.17650188,-1195.2917750873,-2984.59774162332,523.04884138855,646.335826557937,16.0170065923132,1743.90446940769,4127.19346667318,-163.084905371758,-7460.4096342644,431.613396444709,-230.739436705541,662.3528331502503,2184.108281258802
Argentina,ARG,2014Q3,1849.57759449,-1120.54936035933,-2992.04038124909,423.18612653354,-1839.82602058489,39.6978083297255,-2054.93729499552,-445.124824118168,-34.4640220985426,1350.35345748314,-2166.98268372909,-366.85447147393,-1800.1282122551645,-982.6070656625697
Argentina,ARG,2014Q4,1405.60841467,-774.660939977224,-2854.63917531193,285.710282487921,-1937.98141813124,-0.645722788303721,-2795.01534598352,-178.873479468925,-6.42187216505386,-3829.48520771088,-3082.76590532838,-1144.13876440883,-1938.6271409195438,3726.2034358465
Argentina,ARG,2015Q1,-865.750966080001,-1535.79066348573,-3223.06142489592,80.7413226038053,-5543.86173185784,9.55277,-3273.23263508599,-1184.69304457103,-12.2495902152215,-1480.60271873534,-5611.67798860758,-77.3690267497377,-5534.30896185784,339.975011163368
Argentina,ARG,2015Q2,1462.57415184,-1246.74501431644,-3088.22180539291,403.331157402339,-2469.06151046702,2.71041818889612,-3175.34099752301,-1308.4434980764,-5.41784054383772,-308.857214102431,-2497.96955024568,-31.6184579675582,-2466.351092278124,2300.080687144499
Argentina,ARG,2015Q3,-280.831808609999,-1543.56484700969,-2886.26320072738,202.73233173525,-4507.92752461182,38.5246928349827,-2449.92882729445,-414.19115333074,-0.593547051349476,-2312.60244323372,-5404.4134456958,-935.010613918962,-4469.402831776838,-227.0977978805513
Argentina,ARG,2015Q4,-1101.16776977,-1488.94416843242,-2907.0521475882,396.02968451733,-5101.13440127329,1.14131874458687,-1985.25832402834,2470.08888162796,-6.73035325592534,1856.1740834669,-4983.78823740386,116.204845124837,-5099.993082528703,-7318.060821448283
Argentina,ARG,2016Q1,176.146031199998,-2498.46491989724,-2894.77577480493,320.58403100946,-4896.5106324927,83.3685217860779,-1851.93334945286,-4678.07692947924,31.7710951878252,-1778.04418540331,-4731.28336914759,81.85874155904,-4813.142110706623,3544.985667190918
Argentina,ARG,2016Q2,1677.39627686,-1926.68333691332,-2986.86884107621,305.56461838809,-2930.59128274145,32.3255254147369,406.814663685974,-10691.4908319915,366.070462374666,5741.09927928343,-3103.70642664743,-205.440669320724,-2898.265757326713,1073.815158440123
Argentina,ARG,2016Q3,1826.47574168,-2225.0634244791,-2862.6026596624,294.070020245685,-2967.12032221582,109.379073405427,-702.901311059833,-7707.49959431554,-31.75,4355.63384528889,-4655.9290144214,-1798.18776561101,-2857.7412488103932,-569.0000308764257
Argentina,ARG,2016Q4,736.138891860004,-1801.44350424614,-3447.96346524445,202.703790520443,-4310.56428711014,140.741464131217,674.386589800825,-12178.2264992365,-144.046519212159,-87.0983957080489,-1473.13737447462,2696.6854485043,-4169.822822978923,10274.90900595631
Argentina,ARG,2017Q1,-620.283226139902,-3060.84150275438,-3777.92928623007,224.385176150762,-7234.66883897359,44.8535498426022,-3173.77641419071,-14042.87591762,-140.0,194.078028797332,-6224.36104117757,965.454247953414,-7189.815289130988,10934.37088207329
Argentina,ARG,2017Q2,-712.225826470099,-2068.68485863363,-4033.1355644407,208.735656043548,-6605.31059350088,43.5037170004316,-2020.82760505503,-3760.1830873991,6.9044,1607.33135403549,-6971.15798887182,-409.351112371367,-6561.806876500448,-2814.659100472313
Argentina,ARG,2017Q3,-1679.38193896,-2549.23692898353,-3843.01391356166,-77.0720733240714,-8148.70485482926,79.1783464237527,-3042.89511285362,-7208.31285249838,11.09,-523.176244250079,-8878.07482854497,-808.548320139469,-8069.526508405507,1879.410811066485
Argentina,ARG,2017Q4,-2435.1721159701,-2016.67530185282,-4726.2049413032,15.3848956674592,-9162.66746345865,5.50966912901984,-2123.73211216059,-10910.3676341054,25.78,-727.930257785113,-9199.59407241683,-42.4362780871961,-9157.15779432963,4532.955866371601
Argentina,ARG,2018Q1,-1665.25126064,-3396.70245322462,-4490.37197808308,155.923944879307,-9396.40174706838,23.9552895322502,-2470.52557401364,-12953.3803578827,-26.6351511044001,-249.585893317678,-9547.09576491623,-174.649307380101,-9372.446457536129,6143.888158093725
Argentina,ARG,2018Q2,-1696.42855688,-2536.80278198906,-4653.57143004043,452.415219935483,-8434.38754897401,20.9950396322502,-2210.53813907433,1874.06974309934,-4.33992840161848,-9401.61181034855,-9001.55351738603,-588.161008044272,-8413.392509341758,-14270.98440290988
Argentina,ARG,2018Q3,-745.755691700098,-1952.98564016682,-4897.81250623349,237.834227003565,-7358.71961109684,47.2861884222502,-2655.92305025862,1902.42297592843,30.437550125345,5157.07443774395,-7852.6302631604,-541.196840485812,-7311.43342267459,-12285.38022480565
Argentina,ARG,2018Q4,3364.20783103,-1048.7769106641,-4608.47441068189,398.9459463982,-1894.09754391778,18.8390004522502,-2653.80148270199,2252.96231289322,-31.5713596266062,-17871.7678347519,-1634.54123937629,240.717304089239,-1875.2585434655298,3347.68460535502
Argentina,ARG,2019Q1,2549.7567436201,-1710.01388230632,-4557.98294043967,284.564174406245,-3433.67590471965,37.3503225511039,-1968.56102855577,362.190142130131,-23.8018783345206,-1963.79290654107,-3639.07674709064,-242.751164922101,-3396.325582168546,-35.59593479577371
Argentina,ARG,2019Q2,4222.88573371,-1291.16311543983,-4839.9033394633,96.2857677564103,-1811.89495343672,139.175550717766,-380.712246064654,6026.48192396303,-44.8981211763338,-6200.257435116,-2372.77135987174,-700.051957152791,-1672.719402718954,-12602.04647244632
Argentina,ARG,2019Q3,4471.3585540001,-1285.2363921774,-4218.85963387005,224.339822637017,-808.397649410337,79.9501510477663,-1231.37446967855,-110.599153138699,33.3530325249098,14593.5231534535,-1538.16157092786,-809.714072565294,-728.4474983625706,-20199.84709204898
Argentina,ARG,2019Q4,6989.7224269701,-556.760027494369,-4115.41864814554,243.945175152292,2561.48892648249,27.4712760812374,-1545.81194189176,830.508812361013,11.0466371329628,7867.99718944675,2430.7441206668,-158.216081896931,2588.9602025637273,-4737.505766058519
Argentina,ARG,2020Q1,3925.77466793009,-985.837557507691,-3087.6357226146,264.822581730785,117.123969538585,42.4261130601901,-1593.99689369942,-675.639325425642,0.453197252497891,2846.66878739478,-511.546529692778,-671.096612291553,159.5500825987751,-1081.910233919801
Argentina,ARG,2020Q2,5340.76137818994,-295.192905360697,-2574.38893748594,392.14463316643,2863.32416850974,31.6239681174348,387.386819103626,1259.2767866839,3.49636311945675,2967.70549324801,3825.15198658468,930.203849957502,2894.948136627175,-790.3654993045953
Argentina,ARG,2020Q3,4068.9463281299,-601.718012112281,-2592.11784298799,275.294581063788,1150.40505409342,40.3515239240323,-1249.86488872772,2268.45479182862,-0.61779038559861,1642.51747061654,-375.648522642659,-1566.40510066011,1190.7565780174523,-3049.070082355955
Argentina,ARG,2020Q4,1295.2158028399,-653.534291483702,-2251.43524604071,167.262548065891,-1442.49118661862,50.3608684516685,-1250.47580402809,-1281.39047602471,7.08159952110954,3758.23473198083,-1575.83692752025,-183.706609353297,-1392.1303181669516,-1991.571709325382
Argentina,ARG,2021Q1,3241.08896199,-658.526303110674,-2503.19715395723,316.056421850085,395.421926772178,45.7775052519485,-2213.89521442746,1891.5611353144,-3.15155229257537,1055.43727284597,1409.6082485043,968.408816480171,441.1994320241265,27.84110707973746
Argentina,ARG,2021Q2,5168.1414511901,-640.663064087491,-2414.16415198499,433.386563321478,2546.7007984391,93.9022893967029,-1583.0381450697,1245.6458959761,-0.0066810909034202,-760.436799186793,1304.92242189026,-1335.68066594554,2640.603087835803,2425.222346998317
Argentina,ARG,2021Q3,6659.1888374001,-1028.20614763679,-2606.57350760899,324.159161493158,3348.56834364748,70.2672417424284,-338.682081916765,985.550739323458,0.218187633420215,116.251401984752,1215.19337335936,-2203.64221203054,3418.8355853899084,2348.795773235836
Argentina,ARG,2021Q4,3627.0463644501,-1372.69598332315,-2248.69955806914,328.443300431429,334.094123489242,43.0409838167454,-978.572500104496,817.680347020978,-12.6336820155202,4385.59260392792,571.98405863888,194.848951332893,377.1351073059874,-1774.493331912167
Argentina,ARG,2022Q1,2619.6188056598,-1910.3179177312,-2553.50638799101,447.459913848585,-1396.74558621383,34.2786063857351,-3124.54023307047,1933.59162237385,1.16851433590152,-4245.85156056301,-2243.23378624373,-880.766806415643,-1362.4669798280947,-3029.363632213603
Argentina,ARG,2022Q2,3064.5822799403,-1786.7413700495,-2958.92646063515,586.156428915885,-1094.92912182846,26.9454900999955,-4297.52858913877,1840.34778985308,2.0719972863771,-1865.6339544157,-3037.34275641502,-1969.35912468655,-1067.9836317284644,640.2876343109856
Argentina,ARG,2022Q3,1144.70506558,-1998.07187900984,-2956.28546668233,399.362025481215,-3410.29025463095,82.4289223095407,-5449.45893087142,1989.71689157809,-4.89428209786956,3381.3521042297,-3608.6062974915,-280.744965170092,-3327.8613323214095,1031.798767274744
Argentina,ARG,2022Q4,5523.1582508799,-1127.77182698437,-3059.11575231942,510.647774184728,1846.91844576084,49.0645123734765,-239.23618157762,1135.29942291526,6.10357000291067,-5435.8076325446,1435.65268108595,-460.330277048365,1895.9829581343165,1385.291292025627
Argentina,ARG,2023Q1,-353.286183210002,-2360.36921998938,-3376.67378311295,430.436090090953,-5659.89309622137,25.4152281351438,-4148.57446819442,3096.9806986785,3.08813293105217,-807.712569501461,-7859.72691428633,-2225.2490462001,-5634.477868086226,-6017.995119537579
Argentina,ARG,2023Q2,-2025.0554033198,-1580.57360014793,-3533.04983971657,561.200851139003,-6577.4779920453,42.680502922613,-4735.86055286089,333.551877354175,-1.83816207419655,7313.4861809185,-7149.11410314516,-614.316614022476,-6534.797489122687,-4723.981668516576
Argentina,ARG,2023Q3,-1373.4922948099,-1683.91851503323,-3457.15428398592,467.454499238503,-6047.11059459055,35.7594370666245,-6072.95244268835,2368.80805694573,-2.03547836770781,-2485.18391610683,-7080.18715914003,-1068.8360016161,-6011.351157523925,-4619.646762091991
Argentina,ARG,2023Q4,814.983369990099,-791.0355574006,-3135.38167685302,440.382849584472,-2671.05101467904,67.4980114544127,-5947.41211627278,-378.859441518181,10.3709854780822,6391.98984625513,-4648.09687697775,-2044.54387375312,-2603.553003224627,-1176.992508454233
Argentina,ARG,2024Q1,5006.17839327,-1205.86990616684,-3972.42314028355,377.096284596645,204.981631416253,93.11471028,-5545.09291354164,1757.02750647857,0.713849431714149,1906.45282505491,2197.225947892,1899.12960619575,298.09634169625303,1364.93029815731
Argentina,ARG,2024Q2,7118.79424033,-1096.33645075763,-3193.11520853324,781.655849756622,3610.99843079575,51.7781588954427,-1500.32541645964,-457.97206149086,-6.01942688898946,2531.31545653005,2261.05716368815,-1401.71942600304,3662.776589691193,2834.828506442006
Argentina,ARG,2024Q3,5370.7068523499,-1565.45332913518,-2737.29591504085,371.983755665379,1439.94136383925,41.5142973978752,-1938.83976726776,4082.5783212517,18.2296322257523,849.67418164231,41.0937572483062,-1440.36190398882,1481.4556612371252,-2328.72384149436
Argentina,ARG,2024Q4,4881.08482032,-1608.3219036824,-2863.54207378126,620.185598568205,1029.40644142454,63.4404355271384,243.045426312922,1660.4118236447,6.3217823801641,-5640.08518887238,-438.677529995301,-1531.52440694698,1092.8468769516783,3302.210206928534
Bolivia,BOL,1990Q1,-0.9,-40.1,-50.8,39.8,-52.0,6.6,-5.2,0.0,0.0,50.9,-23.3,22.1,-45.4,-67.47464073139597
Bolivia,BOL,1990Q2,16.1,-41.5,-74.8,40.0,-60.2,0.0,-13.5,0.0,0.0,-52.9,-119.4,-59.2,-60.2,-107.2860167805536
Bolivia,BOL,1990Q3,23.6,-39.2,-49.9,39.8,-25.7,0.0,-0.4,0.0,0.0,-61.1,53.7,79.4,-25.7,80.0426282544869
Bolivia,BOL,1990Q4,16.4,-43.9,-73.1,39.6,-61.0,0.0,-7.0,0.0,0.0,-121.0,-116.6,-55.6,-61.0,-66.64712834483609
Bolivia,BOL,1991Q1,33.7,-33.4,-53.0,38.3,-14.4,0.0,-6.8,0.0,0.0,-29.8,3.1,17.5,-14.4,20.24862080731252
Bolivia,BOL,1991Q2,-18.6,-37.5,-74.9,54.8,-76.2,0.0,-17.5,0.0,0.0,-11.7,-11.4,64.8,-76.2,-45.69564305804728
Bolivia,BOL,1991Q3,-9.7,-40.8,-46.8,54.5,-42.8,0.0,-12.2,0.0,0.0,-57.8,-18.2,24.6,-42.8,23.90472904850147
Bolivia,BOL,1991Q4,-49.3,-42.5,-72.3,34.9,-129.2,0.0,-13.5,0.0,0.0,-68.4,-182.4,-53.2,-129.2,-145.6122035452173
Bolivia,BOL,1992Q1,-76.4,-32.2,-39.8,39.1,-109.3,0.0,-15.2,0.0,0.0,-51.3,-44.9,64.4,-109.3,23.32515323441368
Bolivia,BOL,1992Q2,-114.7,-36.8,-61.5,57.4,-155.6,0.0,-30.4,0.0,0.0,-170.5,-104.6,51.0,-155.6,-7.04431424485104
Bolivia,BOL,1992Q3,-136.0,-38.0,-40.6,82.9,-131.7,0.0,-22.8,0.0,0.0,-81.5,-110.5,21.2,-131.7,-19.92629522820547
Bolivia,BOL,1992Q4,-105.3,-39.4,-55.8,63.2,-137.3,0.0,-22.7,0.0,0.0,-132.7,-238.2,-100.9,-137.3,-127.9611432240566
Bolivia,BOL,1993Q1,-98.8,-31.5,-42.7,44.1,-128.9,0.0,-30.2,0.0,0.0,-92.2,-147.26,-18.36,-128.9,-29.94743300915111
Bolivia,BOL,1993Q2,-105.8,-32.8,-55.5,51.3,-142.8,0.0,-30.2,0.0,0.0,-103.4,-136.47,6.33,-142.8,-62.75291807694868
Bolivia,BOL,1993Q3,-88.8,-38.4,-44.1,80.1,-91.2,0.0,-30.2,0.0,0.0,-85.42,-90.02,1.18,-91.2,36.35030280455694
Bolivia,BOL,1993Q4,-102.8,-37.6,-63.6,61.4,-142.6,0.0,-31.2,0.0,0.0,-59.0,-34.3,108.3,-142.6,22.61342914279892
Bolivia,BOL,1994Q1,-6.1,-35.2,-39.3,71.8,-8.8,0.0,-32.0,0.0,0.0,-98.6,-134.9,-126.1,-8.8,-18.79007188152816
Bolivia,BOL,1994Q2,-6.0,-36.3,-51.1,57.6,-35.8,0.0,-31.7,0.0,0.0,-119.1,-199.4,-163.6,-35.8,-117.4723309475181
Bolivia,BOL,1994Q3,10.9,-33.9,-42.0,76.1,11.1,0.0,-32.1,0.0,0.0,-26.8,-3.4,-14.5,11.1,59.12065410256202
Bolivia,BOL,1994Q4,-29.0,-36.1,-50.1,58.5,-56.7,0.0,-32.2,0.0,0.0,-63.0,-42.2,14.5,-56.7,-12.39611930913262
Bolivia,BOL,1995Q1,-76.9,-42.7,-45.5,51.3,-113.8,0.0,-49.5,0.0,0.0,7.6,-71.8,42.0,-113.8,-22.21243554389645
Bolivia,BOL,1995Q2,-68.5,-46.4,-55.5,72.6,-97.8,0.0,-107.1,0.0,0.0,-3.9,-124.4,-26.6,-97.8,-29.46550865093068
Bolivia,BOL,1995Q3,-3.5,-33.3,-49.5,44.4,-41.9,0.0,-104.8,0.0,0.0,-84.2,-107.7,-65.8,-41.9,60.49347300703406
Bolivia,BOL,1995Q4,-33.4,-35.4,-56.1,75.9,-49.0,0.0,-129.3,0.0,0.0,-105.4,-122.3,-73.3,-49.0,83.56787303287226
Bolivia,BOL,1996Q1,-59.48,-30.9,-55.0,88.6,-56.78,0.0,-91.64,0.0,0.0,0.76,-20.38,36.4,-56.78,63.6241200825253
Bolivia,BOL,1996Q2,-79.14,-32.71,-46.6,53.12,-105.33,0.0,-159.96,9.1,0.0,-46.58,-66.77,38.56,-105.33,115.9839623107945
Bolivia,BOL,1996Q3,-12.45,-57.55,-57.3,55.7,-71.6,0.0,-114.38,1.5,0.0,-55.65,-116.6,-45.0,-71.6,53.53320262979962
Bolivia,BOL,1996Q4,-84.94,-61.32,-49.3,49.58,-145.98,0.0,-106.02,-10.9,0.0,-135.4,-197.17,-51.19,-145.98,34.83434032862737
Bolivia,BOL,1997Q1,-162.4,-19.53,-53.0,73.3,-161.63,0.0,-100.0,13.3,0.0,37.0,-144.2,17.43,-161.63,-85.02564997486617
Bolivia,BOL,1997Q2,-86.8,-31.03,-46.5,71.1,-93.23,17.2,-165.7,13.3,0.0,-98.1,-87.68,-11.65,-76.03,169.0566799975258
Bolivia,BOL,1997Q3,-119.1,-22.32,-42.5,73.7,-110.22,3.3,-181.7,13.3,0.0,-73.92,-132.42,-25.5,-106.92,96.29828628301566
Bolivia,BOL,1997Q4,-185.3,-22.02,-54.5,73.4,-188.42,4.8,-280.8,13.3,0.0,-66.7,-422.8,-239.18,-183.61999999999998,-79.35111998803278
Bolivia,BOL,1998Q1,-190.3,-26.1,-41.9,68.6,-189.7,2.9,-218.5,20.3,0.0,66.9,-249.8,-63.0,-186.79999999999998,-130.1246455728116
Bolivia,BOL,1998Q2,-228.8,-30.5,-39.1,86.4,-212.0,0.0,-222.9,3.9,0.0,-201.8,-317.08,-105.08,-212.0,112.6872087726128
Bolivia,BOL,1998Q3,-143.5,-26.2,-44.9,84.2,-130.4,2.6,-243.1,25.3,0.0,7.1,-148.87,-21.07,-127.80000000000001,72.65969261233579
Bolivia,BOL,1998Q4,-164.9,-34.5,-36.0,101.4,-134.0,4.4,-262.0,25.0,0.0,-189.8,-340.68,-211.08,-129.6,69.51014704922616
Bolivia,BOL,1999Q1,-171.7,-37.7,-56.4,71.2,-194.6,0.0,-243.4,32.3,0.0,51.5,-242.3,-47.7,-194.6,-77.87050389507763
Bolivia,BOL,1999Q2,-71.8,-29.7,-44.2,86.3,-59.4,0.0,-175.1,1.4,0.0,12.9,-122.2,-62.8,-59.4,19.90571002423217
Bolivia,BOL,1999Q3,-87.5,-30.3,-59.4,103.0,-74.2,0.0,-189.3,22.6,0.0,30.0,-123.0,-48.8,-74.2,14.09936628977258
Bolivia,BOL,1999Q4,-202.5,-46.9,-36.0,125.6,-159.8,0.0,-399.9,5.0,0.0,-21.7,-354.3,-194.5,-159.8,70.88690096303525
Bolivia,BOL,2000Q1,-158.48399622,-38.808,-67.745,77.55,-187.48699622,0.0,-185.01,-22.6,0.0,79.917496,-191.853504,-4.36650777999997,-187.48699622,-81.7259356330894
Bolivia,BOL,2000Q2,-122.61906757,-47.52,-54.12,89.92,-134.33906757,0.0,-173.67,-18.7,0.0,-8.03367,-200.52167,-66.1826024299999,-134.33906757,7.114612863492522
Bolivia,BOL,2000Q3,-86.62704616,-16.51,-58.535,98.71,-62.9620461600001,0.0,-153.95,-13.7,0.0,237.757616,1.421616,64.3836621600001,-62.9620461600001,-70.76598941691692
Bolivia,BOL,2000Q4,-103.33779402,-33.91,-44.894,120.58,-61.56179402,0.0,-220.92,-0.4,0.0,17.83633,-109.32067,-47.7588759799999,-61.56179402,105.9564126403571
Bolivia,BOL,2001Q1,-100.2727912759,-19.4918975,-57.21,94.64,-82.3346887759,0.0,-160.632,8.81,0.0,166.911,-111.424,-29.0893112241,-82.3346887759,-119.7644740387507
Bolivia,BOL,2001Q2,-141.4793020339,-14.978862238,-54.53,117.54,-93.4481642719,0.0,-146.299,7.54,0.0,-24.845,-74.963,18.4851642719,-93.4481642719,70.60481343162155
Bolivia,BOL,2001Q3,-62.251075245618,-10.214431,-56.46,95.64,-33.285506245618,0.0,-120.13,3.38,0.0,104.172,-55.16,-21.874493754382,-33.285506245618,-42.93837118074804
Bolivia,BOL,2001Q4,-87.339405554862,-22.71776518,-43.146,88.26,-64.943170734862,0.0,-276.115,3.28,0.0,-10.311,-235.21,-170.266829265138,-64.943170734862,56.09231523608737
Bolivia,BOL,2002Q1,-115.04328739,-16.9592453,-51.2,89.16,-94.04253269,0.0,-205.23,-0.68,0.0,90.696,-249.953,-155.91046731,-94.04253269,-137.54489081935
Bolivia,BOL,2002Q2,-138.18283715,-17.84018572,-46.56,96.4,-106.18302287,0.0,-86.3,2.79,0.0,-55.493,-220.901,-114.71797713,-106.18302287,-71.91693705243593
Bolivia,BOL,2002Q3,-116.617209026678,-21.370586,-53.08,101.22,-89.8477950266778,0.0,-221.898,-111.23,0.0,-106.174,-423.923,-334.075204973322,-89.8477950266778,-13.40296699685452
Bolivia,BOL,2002Q4,-84.515250527799,-6.15427982363249,-53.84,82.65,-61.8595303514321,0.0,-160.515,128.46,0.0,36.808,-96.619,-34.7594696485679,-61.8595303514321,-119.8112092541885
Bolivia,BOL,2003Q1,-40.59669625,-32.2907566,-76.16,94.87,-54.17745285,1.75,30.47,-3.78,0.0,105.367,20.963,73.39045285,-52.42745285,-146.4738668635259
Bolivia,BOL,2003Q2,7.56839850999999,-25.5015943,-73.01,73.334,-17.60919579,1.75,-48.37,35.17,0.0,-205.515,-31.851,-15.99180421,-15.859195790000001,84.2183396856871
Bolivia,BOL,2003Q3,25.168064699534,-5.966137448,-74.5434323894804,119.979113930243,64.6376087922964,1.75,-40.03,4.66,0.0,189.025735618133,173.004068766152,106.616459973856,66.3876087922964,-22.43816092372932
Bolivia,BOL,2003Q4,3.14712968689102,-18.436197666,-78.8969112683947,176.929906511871,82.743927264367,1.75,-136.69,32.12,0.0,-203.251519630342,-251.060641763125,-335.554569027492,84.493927264367,23.09936350937662
Bolivia,BOL,2004Q1,65.127499830875,-19.85545171,-97.26774628712,108.675318131572,56.6796199653263,2.0,-52.21,24.1,0.0,-23.6693501144177,-148.485328542217,-207.164948507543,58.6796199653263,-122.2354752464739
Bolivia,BOL,2004Q2,110.35555826434,-28.99391579,-96.283242096428,114.881084381368,99.9594847592807,2.0,-5.38,-14.64,0.0,-44.7111019255668,-122.315524314268,-224.275009073549,101.9594847592807,-86.78293500568809
Bolivia,BOL,2004Q3,139.48818083021,-21.8923549352,-88.556958036304,128.074335842456,157.113203701161,2.0,33.27,-23.12,0.0,-39.5134339447285,132.449834914285,-26.663368786876,159.113203701161,120.6543074579043
Bolivia,BOL,2004Q4,4.55243390944803,-17.7207132268,-102.545594274383,139.461016497073,23.7471429053382,2.0,-38.31,49.04,0.0,-304.408018007358,-143.941162886934,-169.688305792272,25.7471429053382,160.977968850878
Bolivia,BOL,2005Q1,72.94824319102,-3.37321903,-87.1925338770825,124.904262517446,107.286752801384,0.0,5.07,20.477552,0.0,54.2901407330657,-9.36640213436374,-116.653154935748,107.286752801384,-111.5349275980371
Bolivia,BOL,2005Q2,94.670182063331,-2.30949951999998,-97.7051651429676,150.6066968717,145.262214272063,0.0,19.7300000000001,104.067891,0.0,-91.5263413564943,144.158907025785,-1.10330724627799,145.262214272063,83.2279094298104
Bolivia,BOL,2005Q3,132.422430341091,-5.49619659344801,-90.5715313040844,143.683901243881,180.038603687439,0.0,51.41,16.910168,0.0,-17.9116024927298,229.236365728501,49.197762041062,180.038603687439,187.4837340964222
Bolivia,BOL,2005Q4,139.595601136607,-13.609070679792,-100.94076188165,164.805834571601,189.851603146767,0.0,165.41,11.973121,0.0,-543.990632402394,-104.681312474495,-294.532915621262,189.851603146767,278.0634897125846
Bolivia,BOL,2006Q1,152.600513150943,-20.83881718,-106.785521687376,160.659293260101,185.635467543673,293.0,-79.593457,46.6258929999999,0.0,301.437258735219,431.536605422586,-47.098862121087,478.63546754367303,390.5272887081756
Bolivia,BOL,2006Q2,192.246855953932,-36.14365117,-100.871878443462,206.454143516329,261.685469856794,0.0,105.51,-48.0020588486352,0.0,43.1413976034818,551.796420229704,290.11095037291,261.685469856794,441.4824880194537
Bolivia,BOL,2006Q3,400.89458937019,-26.69694377,-87.2830289869354,197.369803224594,484.284419837852,1511.3,-121.86,-53.006804505402,0.0,1558.44695820843,1790.92821943014,-204.656200407712,1995.584419837852,370.4085014198534
Bolivia,BOL,2006Q4,284.112472145524,-53.71538694,-102.306778274757,257.776652393221,385.866959323992,0.0,-181.82,29.2916211180124,0.0,139.099428621768,251.382341488351,-134.484617835641,385.866959323992,236.3576409335439
Bolivia,BOL,2007Q1,155.547678320842,-65.16200524,-90.5151438260934,288.370246458103,288.24077571285,1171.0,0.354611738504402,35.57034183,0.0,1319.14994469911,1683.74478699203,224.50401127918,1459.2407757128499,297.6933290623287
Bolivia,BOL,2007Q2,228.58115642654,-27.29720363,-144.811548371169,291.285154568882,347.75755899425,0.0,-69.0811262431325,16.56481373,0.0,-4.0038966022804,299.041741042018,-48.715817952232,347.75755899425,338.0952133056381
Bolivia,BOL,2007Q3,292.92767869443,-51.168062199995,-114.723086634817,329.056415081355,456.09294494098,0.0,-106.979656676038,3.86272213,0.0,-149.059884679446,520.465092899377,64.372147958397,456.09294494098,748.9126110511717
Bolivia,BOL,2007Q4,342.2967111131,-61.19558155,-139.387840883452,357.441578986033,499.15486766568,0.0,-187.588070357637,-26.09464628,0.0,-110.68503212853,156.438910625395,-342.715957040285,499.15486766568,480.3701775449272
Bolivia,BOL,2008Q1,441.35293031811,-39.3117594,-155.381523132701,306.573163971567,553.23281175698,0.0,-252.431868084869,11.8495063064864,0.0,31.3289471227149,616.495751600949,63.2629398439691,553.23281175698,825.8354611997354
Bolivia,BOL,2008Q2,354.21915659621,-53.50540816,-121.10568577405,308.336099886671,487.94416254883,0.0,33.736830673805,63.4456677194125,0.0,-192.884396897497,797.170867462484,309.226704913654,487.94416254883,892.8595671436805
Bolivia,BOL,2008Q3,410.47716622027,-76.36428954,-129.506876585177,349.88608656746,554.49208666256,0.0,-199.210567826075,-4.62226902362412,0.0,-112.353765295433,395.636867839782,-158.855218822778,554.49208666256,711.8253783933371
Bolivia,BOL,2008Q4,301.31,-93.22,-130.39,319.33,397.03,0.0,-91.43,137.42,0.0,204.82,194.41,-202.62,397.03,-56.27239224829926
Bolivia,BOL,2009Q1,80.71,-66.76,-145.34,310.22,178.83,22.5,-131.93,162.74,0.0,13.8,48.27,-153.06,201.33,3.70291929340689
Bolivia,BOL,2009Q2,206.1,-27.61,-186.2,290.9,283.19,0.0,-39.89,84.4,0.0,48.17,221.58,-61.61,283.19,128.908489230483
Bolivia,BOL,2009Q3,222.86,-87.8,-144.15,304.27,295.18,0.0,-103.25,-78.88,0.0,232.15,227.74,-67.44,295.18,392.2799745684232
Bolivia,BOL,2009Q4,56.59,-109.92,-198.1,307.77,56.34,77.3,-144.97,-14.62,0.0,117.16,-27.07,-160.71,133.64,15.33085433889587
Bolivia,BOL,2010Q1,200.00828343633,-95.08436157,-144.609539936425,250.760569674039,211.07495160395,0.0,-50.989095320551,-106.128531512923,0.0,-82.2675533295976,-265.636495175639,-476.711446779589,211.07495160395,-26.2474556701106
Bolivia,BOL,2010Q2,342.13623628861,-83.96271295,-254.554712022072,250.087472338091,253.70628365463,0.0,-171.840427568832,-15.519093678474,0.0,-60.9128548007218,-137.81704854709,-391.52333220172,253.70628365463,110.4493328999107
Bolivia,BOL,2010Q3,406.14414862322,-101.48667083,-276.52043707677,264.691107965255,292.8281486817,0.0,-255.915092560923,-11.4061601538326,0.0,133.840273809551,149.558595091607,-143.269553590093,292.8281486817,283.0166791406308
Bolivia,BOL,2010Q4,174.23769859664,-160.58528282,-213.253621111682,315.73749148933,116.13628615429,0.0,-172.058735098042,42.9061758269827,0.0,-109.789612035819,318.176831553324,202.040545399034,116.13628615429,557.0907278390354
Bolivia,BOL,2011Q1,212.87143292675,-140.992156549338,-204.460967457164,276.31564617668,143.73395509693,0.0,-200.960667567673,-199.074656166573,0.0,-175.227080016547,60.13311888671,-83.60083621022,143.73395509693,635.3733884523471
Bolivia,BOL,2011Q2,343.73174417965,-138.161915152168,-202.855313809302,334.280928668793,336.99544388697,0.0,-175.549459530554,86.126245116589,0.0,180.110454471711,220.420442074271,-116.575001812699,336.99544388697,129.6813504682283
Bolivia,BOL,2011Q3,434.25010065868,-174.708007815659,-439.691327665998,292.13182366368,111.98258884071,0.0,-390.804065845968,-36.1042872219048,0.0,-132.591560232087,65.8724134721183,-46.1101753685917,111.98258884071,625.4392164916103
Bolivia,BOL,2011Q4,57.61531181935,-248.833034863986,-138.753618634811,274.464289195529,-55.5070524839201,0.0,-91.3521107294093,-6.94922732189463,0.0,-380.469004084827,291.417913359337,346.924965843257,-55.5070524839201,770.2735122901223
Bolivia,BOL,2012Q1,260.03325426122,-162.628284304182,-335.106909406851,271.62274969948,33.92081024967,0.0,-336.256485041476,-34.7989345331476,0.0,73.458081512753,217.858857594106,183.938047344436,33.92081024967,515.4727312608262
Bolivia,BOL,2012Q2,901.45764993095,-243.98750664486,-418.960840892982,323.221017801681,561.73032019479,0.0,-292.030012978562,180.77293476877,0.0,191.422438455176,43.1922318335876,-518.538088361202,561.73032019479,-36.9659248457066
Bolivia,BOL,2012Q3,1062.45948344567,-198.285881389963,-429.073502556021,327.461516608218,762.5616161079,0.0,-388.451164237133,53.9797433466889,0.0,505.816949853962,757.80997812624,-4.75163798166007,762.5616161079,586.4860366643187
Bolivia,BOL,2012Q4,911.38883320388,-191.353843151416,-446.136687806685,337.92806141841,611.82636366419,0.0,-43.2277285276362,160.381488854875,0.0,-607.314194635618,156.53214137748,-455.29422228671,611.82636366419,646.6856980842722
Bolivia,BOL,2013Q1,879.93614193769,-247.112548314908,-419.713242674727,340.812505842157,553.92285679021,0.0,-339.973783215616,137.518338510443,0.0,-198.499166281917,-9.48005341574001,-563.40291020595,553.92285679021,391.4662643383121
Bolivia,BOL,2013Q2,841.88967381637,-304.283193272832,-548.218000913031,318.239895446053,307.62837507656,0.0,-523.147970867128,22.5837141321492,0.0,-49.863451275663,-214.083757220246,-521.712132296806,307.62837507656,336.3534414537314
Bolivia,BOL,2013Q3,748.55456497742,-225.509568647011,-472.646855402905,291.048599789438,341.44674071694,0.0,-482.436221981249,226.574933213582,0.0,-94.35662961165,-42.205964871579,-383.652705588519,341.44674071694,308.0099984896713
Bolivia,BOL,2013Q4,339.13882944065,-340.641962974275,-467.211117987665,319.698696058658,-149.01555546264,0.0,-404.054638333916,42.0280065209317,0.0,-358.144631705956,-632.335597746261,-483.320042283621,-149.01555546264,87.82478023222872
Bolivia,BOL,2014Q1,897.21910622298,-415.903110589816,-455.140477612564,290.386847569687,316.562365590286,1.45398558,-280.910768609759,260.692428937481,0.0,143.776841251399,46.4749600817868,-271.806487781211,318.016351170286,-77.08344980600215
Bolivia,BOL,2014Q2,1172.36448041276,-427.486399484767,-461.409939273374,301.032020574511,584.50016222913,1.1637315,-505.472745864504,163.018965963687,0.0,242.27926996621,177.818330568288,-408.037805613512,585.66389372913,277.992836522257
Bolivia,BOL,2014Q3,711.23708004732,-496.137331042109,-432.982785880482,282.821712993464,64.9386761181931,1.23399493,150.435962732143,105.380254774507,0.0,-152.0733509207,847.753240548928,777.993417621664,66.1726710481931,744.0102668056567
Bolivia,BOL,2014Q4,135.119071170027,-493.453434632554,-348.426499348535,306.99035943086,-399.770503380201,39.511251,-53.7318542163585,205.449578415381,0.0,-443.592872660542,-304.535713983446,55.5893813929532,-360.25925238020096,-12.66006969702804
Bolivia,BOL,2015Q1,38.5346563081589,-445.665486791059,-361.038251952619,275.956800453802,-492.212281981717,1.3551122,-239.632506143321,-20.4280062268475,0.0,-252.816174411895,-444.752719526612,46.1044502551056,-490.857169781717,68.1244192090027
Bolivia,BOL,2015Q2,190.831796642316,-424.044577847135,-295.161383973975,283.974387083425,-244.39977809537,1.32190795,-302.834155583029,353.198158507842,0.0,-248.484503707609,-523.985064903775,-280.907194758405,-243.07787014537,-308.7080120830826
Bolivia,BOL,2015Q3,-73.7709044382414,-397.509524817532,-253.306850997452,295.178748435118,-429.408531818107,0.8452425,18.2634137575996,234.261042251038,0.0,-116.368267454877,-208.114623139927,220.44866617818,-428.563289318107,-344.2415889375477
Bolivia,BOL,2015Q4,-543.476160154545,-324.636997147318,-217.591249531818,315.515605330524,-770.188801503156,43.061127325,-32.2269951246986,55.0664479086477,0.0,-660.522249344694,-1655.98218508367,-928.854510905516,-727.127674178156,-1024.880779249611
Bolivia,BOL,2016Q1,-268.054234006116,-398.784282293088,-181.857319702107,310.058558135377,-538.637277865934,1.13222738,45.4518170347967,284.598397132811,0.0,-168.701343911257,-732.990344400407,-195.485293914474,-537.505050485934,-894.3387577463244
Bolivia,BOL,2016Q2,-205.086984017813,-393.697074013459,-143.569096159623,293.554763920154,-448.798390270741,1.35619666,-209.970546270962,145.638697217138,0.0,176.323526058956,-849.825146262655,-402.38295265212,-447.44219361074096,-961.8244538849424
Bolivia,BOL,2016Q3,-57.3432616506796,-383.855248033716,-129.783088447152,299.420302075997,-271.561296055551,1.35619666,-78.7029292025391,65.6412029169228,0.0,-47.2619931323627,-644.358492736034,-374.153393340483,-270.205099395551,-584.0343311525601
Bolivia,BOL,2016Q4,-370.34199770015,-436.851106422835,-165.686445351015,324.632258901374,-648.247290572625,27.062403575,-3.27783146440757,414.683811769234,0.0,161.502033742795,-32.7556102423788,588.429276755246,-621.1848869976251,-605.6630008369955
Bolivia,BOL,2017Q1,-433.077993966506,-344.440309647322,-215.556424619015,284.25356417314,-708.821164059702,1.02707974027504,-130.391553459051,-595.072934222751,0.0,104.262074673121,-604.595875430628,103.198208888799,-707.794084319427,16.47599860526361
Bolivia,BOL,2017Q2,-5.92381524617508,-398.113125515607,-247.842513663585,322.035127502928,-329.84432692244,0.949618753394574,-108.623112112061,-337.15455962602,0.0,-116.26590855896,-601.165200787039,-272.270492617993,-328.89470816904543,-39.10390826549949
Bolivia,BOL,2017Q3,10.8847011554178,-422.115166737666,-328.372709306142,347.260621328357,-392.342553560033,0.930257638234225,-155.91990609088,127.499512273246,0.0,-243.223109185884,-572.135503003518,-180.72320708172,-391.4122959217988,-300.452811550013
Bolivia,BOL,2017Q4,-118.914452988926,-461.519955026179,-317.874729196864,431.075397442665,-467.233739769303,0.34505412948787,-237.846453358892,-272.315865461055,0.0,-422.679775622575,-842.282094442521,-375.393408802706,-466.8886856398151,90.5986516108862
Bolivia,BOL,2018Q1,-32.4386450100501,-299.557087875396,-236.758028849708,314.483649668194,-254.27011206696,1.50092440524044,92.4232921842188,-35.9683827915511,0.0,31.4539184876593,-463.53976498706,-210.77057732534,-252.76918766171954,-551.3964226241329
Bolivia,BOL,2018Q2,173.82911287974,-430.919804622346,-255.060447707323,302.309799371386,-209.841340078543,2.24408583235414,-208.850991528013,-362.344829064834,0.0,-230.683963950409,-868.770784543258,-661.173530297069,-207.59725424618887,-66.83902394994008
Bolivia,BOL,2018Q3,98.3658276687166,-379.588992653807,-211.792160382552,292.375949360066,-200.639376007577,2.24408583235414,-42.5881875854523,68.6825843187126,0.0,240.148694953139,-432.21989878608,-233.824608610857,-198.39529017522287,-698.3986590983676
Bolivia,BOL,2018Q4,-601.50059830465,-520.600699152947,-272.044444530747,333.91838919167,-1060.22735279667,0.762115180750642,-227.818198291169,-470.537867110368,0.0,-379.610154714286,-990.705204655824,68.7600329601002,-1059.4652376159192,87.32728574153855
Bolivia,BOL,2019Q1,-266.87427866361,-357.947682289462,-205.036392592637,280.106439604843,-549.751913940866,0.0290108984401974,101.41103587195,127.902095900561,0.0,509.449082240913,-296.47562362279,253.247279419636,-549.7229030424257,-1035.163224931655
Bolivia,BOL,2019Q2,-137.737965923351,-341.843071894633,-235.032460255122,280.931378541965,-433.682119531142,-1.3478276744461,46.8542825473326,-1098.99700675552,0.0,334.799341287809,-534.161107680378,-99.1311604747906,-435.0299472055881,183.2535746735399
Bolivia,BOL,2019Q3,206.902747168979,-304.458611767551,-241.7212105537,263.834844978876,-75.4422301733954,1.8321723255539,108.846195449096,441.895304636203,0.0,-470.622546039103,-664.934519158297,-591.324461310455,-73.6100578478415,-744.9810393834448
Bolivia,BOL,2019Q4,-60.3231810928626,-423.900569042839,-154.104141935163,331.109288482789,-307.218603588075,1.4102016739504,7.83964192701391,89.5307828064437,0.0,-125.943650044649,-1270.50190612845,-964.693504214322,-305.8084019141246,-1241.868093036928
Bolivia,BOL,2020Q1,280.99288112041,-412.839547618324,-260.6275851823,272.04515884467,-120.429092835544,0.212649893100097,273.062311447152,-233.296317086242,0.0,178.876332251656,-285.104736326026,-164.888293383582,-120.2164429424439,-503.6950057928508
Bolivia,BOL,2020Q2,34.193750597701,-208.139065652516,53.5797984229661,171.218273142932,50.8527565110834,2.033,139.592839875594,81.3445281291166,0.0,-302.102275485288,-119.787959783883,-172.673716294967,52.8857565110834,-366.0886847113917
Bolivia,BOL,2020Q3,54.3009135957307,-281.499370846255,-151.874437337446,266.888747638678,-112.184146949292,8.71237942195852,244.489077148874,-265.867415918379,0.0,23.5271056752085,-140.410845895182,-36.9390783678488,-103.47176752733348,-143.4669300695058
Bolivia,BOL,2020Q4,309.747607635355,-401.502101409274,-58.016442909529,315.615672851768,165.84473616832,0.984920304040848,361.214188515112,-194.958561001869,0.0,474.331796935483,-426.429833732435,-593.259490204796,166.82965647236085,-1067.942854579731
Bolivia,BOL,2021Q1,609.863286040997,-321.241931342287,-320.984130324845,287.236341657804,254.873566031669,0.367838572886298,-136.357146755296,-65.3811698288372,1.39971881,424.555200782327,-201.846148884751,-457.087553489306,255.24140460455527,-78.3741884154636
Bolivia,BOL,2021Q2,818.314520327445,-347.73079165039,-241.8615944112,302.252003007433,530.974137273287,1.03182656488,-87.2768543474439,58.2309556320763,31.693132099023,151.304766632562,150.77174246043,-381.234221377737,532.0059638381671,-3.166103528247089
Bolivia,BOL,2021Q3,887.135078018816,-361.953065028272,-255.422962073907,285.721803597495,555.480854514132,1.02532522678478,-97.9283683007379,31.3238373947525,-31.3957040981128,-338.425287939072,-174.125677877145,-730.631857618062,556.5061797409168,263.0601788225439
Bolivia,BOL,2021Q4,614.315414430068,-491.222635669472,-210.794990565917,327.234671077327,239.532459272006,1.01769413326582,-170.684325592606,-3.48788335350504,2.73729298102094,-2.16231844064233,-360.241551621607,-600.791705026879,240.55015340527183,-186.6405345962568
Bolivia,BOL,2022Q1,1132.81922467664,-446.523691519137,-291.414243303919,300.935101771533,695.816391625114,1.00398016822366,-94.5591233663211,-19.3438276708129,-1.37139455756039,226.349185371085,-169.090613022896,-865.910984816233,696.8203717933376,-280.1604258393095
Bolivia,BOL,2022Q2,1304.57501751658,-423.925192775202,-278.20685778581,300.877930518962,903.320897474534,0.985747547948739,77.9569758120402,-75.4531843767682,5.10716299,165.208121554676,304.376469176149,-599.930175846333,904.3066450224828,131.5693245713216
Bolivia,BOL,2022Q3,487.579191576544,-468.479235647388,-428.149773165838,284.356144386449,-124.693672850232,0.965238329775811,-108.315629425058,-57.9335723835161,-6.59366920201149,-470.342424269735,-1018.72012123543,-894.991686714976,-123.72843452045619,-375.4754832820828
Bolivia,BOL,2022Q4,-111.977012909698,-471.305806785816,-265.973636023366,313.897028083708,-535.359427635173,0.980715705252243,37.8864643242653,-51.0069573257183,-1.60171172844827,-42.8453842408961,-397.007344089576,137.371367840344,-534.3787119299208,-339.3097815885037
Bolivia,BOL,2023Q1,64.533368926805,-379.519166117859,-282.999216331933,326.087380233258,-271.89763328973,0.996575953983917,51.4566970030082,-282.366889719524,-1.85322510508822,-78.2740918143165,-1168.39382516566,-897.492767829919,-270.9010573357461,-860.4461922837744
Bolivia,BOL,2023Q2,391.20619566619,-345.464264146077,-183.879450838038,240.281060264267,102.143540946342,1.00314816279498,118.101788615327,130.633063130857,-1.23761963,-265.866231534035,-432.70296412558,-535.849653234716,103.14668910913699,-406.7020456075269
Bolivia,BOL,2023Q3,103.573527292445,-293.217621902634,-321.800430071369,279.190878661715,-232.253646019842,1.00976162787954,-6.47991431987035,68.5358970987363,-0.510401690000005,20.6297531726551,-688.780197256595,-457.536312864632,-231.24388439196247,-770.9706845983482
Bolivia,BOL,2023Q4,-297.851041340969,-326.635853770318,-455.080101705799,331.937485881595,-747.629510935491,1.01641660250818,-146.677721163504,-162.393346849973,-0.516874079999994,-562.461589580364,-1230.82048736626,-484.207393033281,-746.6130943329828,-358.7953923639845
Bolivia,BOL,2024Q1,-326.774936545551,-235.556135336901,-296.38796877471,283.969082800449,-574.749957856712,1.02311334148989,-25.7335023869369,-283.754439623576,-0.531124642968314,-526.852344605537,-1208.09087024753,-634.364025732306,-573.7268445152221,-371.2235937115329
Bolivia,BOL,2024Q2,317.056079017603,-282.728618405048,-219.321541620118,258.9741985087,73.9801175011362,1.02985210118133,50.8408034207494,-18.2786215276457,-0.54685099756768,-166.81416449084,-299.957694699729,-374.967664302047,75.00996960231754,-165.1676312257243
Bolivia,BOL,2024Q3,122.946942899853,-272.324422341017,-314.250342772283,288.290116041286,-175.337706172161,1.0366331394962,-61.1896136058063,4.62957557027536,-0.56329992180836,104.351449767851,-326.944433929141,-152.643360896476,-174.30107303266482,-374.0787147831857
Brazil,BRA,1990Q1,1909.0,-645.0,-4124.0,138.0,-2722.0,0.0,75.0,-7.0,0.0,-833.0,-3070.0,-348.0,-2722.0,-6871.770586624982
Brazil,BRA,1990Q2,4032.0,-961.0,-1479.0,119.0,1711.0,0.0,-101.0,-54.0,0.0,-1142.0,1661.0,-50.0,1711.0,2482.691773886195
Brazil,BRA,1990Q3,3260.0,-1094.0,-2841.0,211.0,-464.0,0.0,-154.0,-213.0,0.0,-20.0,-431.0,33.0,-464.0,-2268.712368903632
Brazil,BRA,1990Q4,1546.0,-1061.0,-3164.0,331.0,-2348.0,0.0,-144.0,-238.0,0.0,-1758.0,-2275.0,73.0,-2348.0,-2867.627898356647
Brazil,BRA,1991Q1,3481.0,-863.0,-2886.0,296.0,28.0,0.0,-331.0,-520.0,0.0,1924.0,-31.0,-59.0,28.0,-3181.02243487184
Brazil,BRA,1991Q2,3711.0,-1016.0,-2101.0,381.0,975.0,0.0,-100.0,-660.0,0.0,712.0,1722.0,747.0,975.0,766.794909633331
Brazil,BRA,1991Q3,1822.0,-1075.0,-2612.0,369.0,-1496.0,0.0,196.0,-1132.0,0.0,2429.0,-907.0,589.0,-1496.0,-3239.660990980981
Brazil,BRA,1991Q4,1564.0,-937.0,-2052.0,468.0,-957.0,0.0,146.0,-1496.0,0.0,-1331.0,-1316.0,-359.0,-957.0,230.176390754615
Brazil,BRA,1992Q1,3215.0,-459.0,-2384.0,871.0,1243.0,0.0,-846.0,-2314.0,0.0,-3079.0,1551.0,308.0,1243.0,5683.407567252129
Brazil,BRA,1992Q2,3826.0,-790.0,-1222.0,619.0,2433.0,0.0,-331.0,-3171.0,0.0,718.0,1819.0,-614.0,2433.0,4307.466590647794
Brazil,BRA,1992Q3,4259.0,-1040.0,-3120.0,348.0,447.0,0.0,-328.0,-878.0,0.0,578.0,-281.0,-728.0,447.0,-1745.289724153627
Brazil,BRA,1992Q4,3939.0,-1053.0,-1271.0,351.0,1966.0,0.0,-419.0,-8103.0,0.0,8260.0,1668.0,-298.0,1966.0,2393.422896554039
Brazil,BRA,1993Q1,4133.0,-998.0,-3545.0,323.0,-87.0,0.0,-130.0,-804.0,0.0,2264.0,-113.0,-26.0,-87.0,-2003.290836758
Brazil,BRA,1993Q2,3409.0,-1502.0,-1976.0,360.0,291.0,0.0,-185.0,-3029.0,0.0,1526.0,387.0,96.0,291.0,1724.756826502355
Brazil,BRA,1993Q3,3395.0,-1808.0,-1872.0,401.0,116.0,0.0,-271.0,-2659.0,0.0,-299.0,-824.0,-940.0,116.0,1703.487199717275
Brazil,BRA,1993Q4,3386.0,-1276.0,-2929.0,519.0,-300.0,0.0,-215.0,-5830.0,0.0,200.0,-173.0,127.0,-300.0,5465.263509027302
Brazil,BRA,1994Q1,2951.0,-969.0,-2032.0,598.0,548.0,0.0,-562.0,-4240.0,0.0,-469.0,1537.0,989.0,548.0,5975.944946800581
Brazil,BRA,1994Q2,4260.0,-1184.0,-2222.0,572.0,1426.0,0.0,-474.0,-42641.0,0.0,39774.0,1224.0,-202.0,1426.0,4774.675457853269
Brazil,BRA,1994Q3,4359.0,-1253.0,-1628.0,673.0,2151.0,0.0,-374.0,-1803.0,0.0,2962.0,1290.0,-861.0,2151.0,487.4087139625892
Brazil,BRA,1994Q4,-709.0,-1940.0,-3209.0,580.0,-5278.0,0.0,-625.0,-2451.0,0.0,2262.0,-5477.0,-199.0,-5278.0,-4639.821146381504
Brazil,BRA,1995Q1,-2334.0,-1521.0,-2613.0,806.0,-5662.0,0.0,-345.0,3510.0,0.0,-3647.0,-5542.0,120.0,-5662.0,-5059.635852523212
Brazil,BRA,1995Q2,-1933.0,-1682.0,-3855.0,1099.0,-6371.0,0.0,-835.0,-3443.0,0.0,-1346.0,-6082.0,289.0,-6371.0,-444.8151062717906
Brazil,BRA,1995Q3,812.0,-2007.0,-1695.0,911.0,-1979.0,0.0,-882.0,-7413.0,0.0,-8251.0,-1008.0,971.0,-1979.0,15561.84137792165
Brazil,BRA,1995Q4,298.0,-2285.0,-2942.0,805.0,-4124.0,0.0,-1413.0,-2399.0,0.0,-2795.0,-3708.0,416.0,-4124.0,2911.308501463948
Brazil,BRA,1996Q1,-465.0,-1417.0,-2343.0,774.0,-3451.0,6.0,-3199.0,-3690.0,0.0,-1653.0,-4555.0,-1110.0,-3445.0,4296.446162264995
Brazil,BRA,1996Q2,138.0,-1900.0,-3027.0,635.0,-4154.0,1.0,-3657.0,-5111.0,0.0,726.0,-3826.0,327.0,-4153.0,4227.985128279875
Brazil,BRA,1996Q3,-1280.0,-2399.0,-2596.0,536.0,-5739.0,25.0,-1228.0,-3543.0,0.0,382.0,-5498.0,216.0,-5714.0,-1085.979927324348
Brazil,BRA,1996Q4,-3948.0,-2241.0,-4211.0,496.0,-9904.0,7.0,-3583.0,-8488.0,0.0,-98.0,-10937.0,-1040.0,-9897.0,1243.967998512097
Brazil,BRA,1997Q1,-1066.160062,-2237.6670588855,-2189.717375025,498.844576995137,-4994.69991891537,2.75939714,-2896.89579506147,-4390.277,28.348,2332.88935915647,-5836.21977816882,-844.279256393453,-4991.94052177537,-888.3570133943138
Brazil,BRA,1997Q2,-1602.1579,-2893.32448244812,-4194.487359325,454.243747224743,-8235.72599454837,30.05463115,-4374.77900455681,-5827.665,47.907,2235.30090677204,-9155.77726614755,-950.10590274918,-8205.671363398369,-1236.381052254968
Brazil,BRA,1997Q3,-1937.500405,-3221.19954788172,-2914.87401173,413.70467188229,-7659.86929272944,28.43388252,-4565.10031319595,-6194.231,33.492,353.696651247232,-5934.63407994887,1696.80133026056,-7631.435410209439,4448.204198744581
Brazil,BRA,1997Q4,-3144.81516,-3277.77008236094,-5276.599976155,456.117610417214,-11243.0676080987,22.73510225,-6040.59519783257,3796.602,142.876,722.668509087661,-11576.2908870546,-355.958381205923,-11220.332505848699,-10197.8488239175
Brazil,BRA,1998Q1,-2101.603792,-2415.15151392393,-2319.13456833,360.1180444,-6475.77182985393,8.73010725,-3780.4639693,-12483.138,44.493,-7087.86739259262,-6855.63903122199,-388.59730861806,-6467.04172260393,16461.82204715149
Brazil,BRA,1998Q2,-245.715614000001,-2491.45948382296,-5323.692147975,329.6126048,-7731.25464099796,26.5308339,-6003.09485102,-9332.543,66.433,2129.68440710378,-10856.780183625,-3152.05637652708,-7704.72380709796,2282.664034884536
Brazil,BRA,1998Q3,-2080.786439,-3133.05002677602,-4234.95518319,368.0929594,-9080.69868956602,4.62313724,-8335.627753,7381.618,339.026,17505.3028938974,-8358.81358468374,717.261967642276,-9076.07555232602,-25244.14585716851
Brazil,BRA,1998Q4,-3199.463514,-2943.51564921978,-5962.346072805,400.1701215,-11705.1551145248,10.54242189,-7882.4103431,-3690.91,9.89299999999999,2247.41368679033,-10771.1659098491,923.446782785639,-11694.612692634799,-6280.344396112726
Brazil,BRA,1999Q1,-1079.1546,-1360.70043635305,-3881.294806805,479.447,-5841.70284315805,5.82401484,-7026.324,7473.914,100.781,4749.96576013281,-5196.78027621533,639.098552102712,-5835.87882831805,-10484.27291597506
Brazil,BRA,1999Q2,-86.8306999999995,-2027.19175315027,-5795.96854972,415.151,-7494.84000287027,35.5414921,-5287.227,-6277.02,24.355,-4002.13613536265,-7962.01484060118,-502.716329830919,-7459.29851077027,2667.759776920314
Brazil,BRA,1999Q3,-291.595483,-2191.4610826985,-3192.729111755,400.159,-5275.6266774535,2.73517137,-8754.272,-358.705,-58.045,3330.7402243236,-4609.80313350418,663.088372579324,-5272.8915060835,1254.087265058089
Brazil,BRA,1999Q4,-604.680263,-2350.32091310854,-5611.111763205,394.64,-8171.47293931354,16.57624839,-5820.19461499023,-4639.747,21.039,9786.84071478911,-6789.47679659023,1365.41989433331,-8154.8966909235405,-5280.656365698653
Brazil,BRA,2000Q1,-203.375870000002,-1717.94999981355,-2832.513118055,348.394,-4405.44498786855,3.13927926,-6643.619,-3209.23924,39.07224,1628.85807154908,-5037.4009240507,-635.095215442142,-4402.30570860855,3149.259926295659
Brazil,BRA,2000Q2,565.550700000002,-2168.86855179753,-6269.04689841,386.853,-7485.51175020753,33.23327065,-6034.389,-1135.29922,-6.10678,12552.4151516594,-5540.7744639191,1911.50401563843,-7452.27847955753,-4122.051508078593
Brazil,BRA,2000Q3,-309.253229,-2075.92237497134,-2933.36915801,361.893,-4956.65176198134,57.03711545,-8235.778,-2138.51338,108.01038,3061.86517675349,-3196.83931000808,1702.77533652326,-4899.61464653134,4007.308342215047
Brazil,BRA,2000Q4,-1841.699123,-2819.09016148182,-5446.376014285,423.925,-9683.24029876682,33.40925108,-9583.86669975,-472.005176308593,56.41129203125,1849.41576110764,-6649.4080757176,3000.42297196922,-9649.83104768682,1500.256670664451
Brazil,BRA,2001Q1,-947.576967999998,-2132.98027524997,-4426.50124400534,389.419,-7117.6394872553,11.86990569,-4617.46555497186,-2483.97818,110.43318,-655.813762141212,-5855.01170675035,1250.75787481495,-7105.7695815653,1791.874756391276
Brazil,BRA,2001Q2,326.630791,-2460.66660396386,-5370.25375244285,389.467,-7114.8225654067,64.39078105,-7465.46052817806,716.32618,189.76382,-3078.55662077658,-6503.30966839767,547.122115959034,-7050.4317843567,1132.372783145652
Brazil,BRA,2001Q3,1080.218035,-2192.26386126941,-3748.93967626998,405.805,-4455.18050253939,15.76959465,-5068.02170045773,-1678.13448,40.83548,-760.176139072663,-5481.99386452157,-1042.58295663218,-4439.41090788939,-2745.639808494176
Brazil,BRA,2001Q4,1077.379179,-1971.17381182297,-5761.47299179471,452.833,-6202.43462461768,13.65432373,-7563.99158864334,3368.79272,129.98828,2498.71912941689,-5169.82404070637,1018.95626018131,-6188.78030088768,-3596.100340803811
Brazil,BRA,2002Q1,791.382562999999,-1372.17870459047,-3427.96745671656,366.143,-3642.62059830703,8.90652749,-4192.3260729662,-2447.3041,275.1871,1835.18848341628,-3392.85594110734,240.858129709694,-3633.71407081703,1221.233988371172
Brazil,BRA,2002Q2,1235.006433,-1787.20701267062,-5598.6638415403,557.208,-5593.65642121092,37.18450662,-4415.5392102724,1542.8346228125,92.62276,-6455.85094136878,-5003.9242945281,552.547620062819,-5556.471914590919,-1539.122712542819
Brazil,BRA,2002Q3,5017.299881,-1551.70355904226,-3624.7086523065,698.584,539.471669651241,21.53932737,-1784.52395232421,3778.2061,-52.1141,2800.99578437152,1482.26856671124,921.257569690004,561.010997021241,-6187.433952614423
Brazil,BRA,2002Q4,4960.107699,-1371.52985100413,-5066.69575518111,767.88,-710.237907185245,11.64838064,-3715.70695755124,2244.8296,40.5014,3257.56470284419,21.164112716591,719.753639261836,-698.589526545245,-4760.775056195263
Brazil,BRA,2003Q1,3519.360603,-1007.87153750896,-3383.17314459859,615.791,-255.893079107557,3.14385527,-1281.19469941449,-999.14262,18.74362,-1721.88366906959,2.33770046041479,255.086924297972,-252.74922383755703,39.653777238445
Brazil,BRA,2003Q2,6312.983921,-1794.15688942456,-5203.40808965723,611.486,-73.0950580817953,30.44383223,-1562.8915379536,-2901.8968,52.2278,-298.822023229157,272.011634377548,314.662860229343,-42.6512258517953,642.236092723513
Brazil,BRA,2003Q3,7108.44191,-1740.5136286252,-3430.82299759671,878.866,2815.97128377809,23.95443717,-3399.43130388369,252.47112,108.93788,2372.53949784833,3519.35072696466,679.425006016574,2839.9257209480897,1250.119342320204
Brazil,BRA,2003Q4,6635.511868,-1572.13764082532,-6117.63035534212,760.446,-293.810128167443,25.30283018,-3650.70712973831,-1658.95644,-28.91256,10564.264935245,567.296501805802,835.803799793244,-268.507297987443,1654.220470258076
Brazil,BRA,2004Q1,5867.414384,-1011.40214485519,-4490.24956378514,738.479,1104.24167535967,22.95348288,-2402.34584456024,-2385.11706,-50.59694,3812.41234073736,1600.41308970509,473.217931465419,1127.1951582396698,3975.334884074646
Brazil,BRA,2004Q2,8505.214871,-1608.13079023443,-5667.2306533966,845.388735217373,2075.24216258634,36.43926285,-820.817877519286,6085.85806,290.66494,-1912.10338921327,2363.61030144076,251.928876004425,2111.68142543634,61.055282157886
Brazil,BRA,2004Q3,9683.718527,-1849.42786198531,-4079.01220525,772.062,4527.34045976469,-324.55046199,-205.717178602793,526.90018,294.38482,4765.32960083733,4624.64482403954,421.854826264858,4202.78999777469,-51.5806449933974
Brazil,BRA,2004Q4,8227.61896,-1985.49498785962,-5870.05390560811,880.419,1252.48906653227,52.06156917,-4910.01555907103,522.49218,142.96382,5154.96657275148,2564.62028476809,1260.06964906583,1304.55063570227,2614.306059121606
Brazil,BRA,2005Q1,8101.78020199999,-1590.26460993036,-5204.92545300543,838.401431248039,2144.99157031224,31.49617114,-2545.85372247474,-5816.89364,-91.67636,1153.56021255632,3092.93699090311,916.449249450863,2176.4877414522402,11555.18004984921
Brazil,BRA,2005Q2,11084.181406,-2808.39631429512,-7152.07327558965,845.002,1968.71381611524,129.15296342,-4186.42033133673,1315.75202,-97.86302,6710.87878104382,2980.10484798178,882.238068446542,2097.86677953524,918.2777380840248
Brazil,BRA,2005Q3,12687.017723,-2672.8899090092,-5882.83753995624,915.58,5046.87027403457,82.95544849,-2539.40957228077,153.360586250001,28.19982,10967.3173423835,6100.46355121653,970.637828691959,5129.82572252457,2451.612278587485
Brazil,BRA,2005Q4,11848.616659,-2975.8159403538,-7312.78643699064,958.785,2518.79928165556,-56.56009127,-3277.90710888676,-536.7553,201.2943,9447.26670912149,3030.80919782624,568.570007440689,2462.23919038556,12640.74004344958
Brazil,BRA,2006Q1,9052.837939,-2249.51267962075,-6802.95905195261,942.914,943.280207426642,17.61880396,-855.29874293947,-6614.49989,-37.768,3677.51487255381,1955.06933511559,994.17032372895,960.8990113866421,5787.105875908132
Brazil,BRA,2006Q2,9801.585419,-2882.46884190619,-7554.57613031084,1093.55860124,458.099048022963,48.97294432,-2023.64963700473,7308.604211875,-8.38154000000001,-6739.60792911638,911.937661942022,404.865669599059,507.07199234296303,2374.944654224532
Brazil,BRA,2006Q3,14349.598073,-3412.29294817001,-5374.6273762,1175.000505,6737.67825362999,36.59411842,-1291.38121929,-3048.01,19.529,1590.33747401557,7577.20732316373,802.93495111374,6774.27237204999,10306.72197145281
Brazil,BRA,2006Q4,11973.682458,-3180.91559636708,-7252.68452453974,1094.86007828889,2634.94241538207,76.5405483,13550.6126462964,-6727.33,-14.183,-13925.9154625765,4985.47587997685,2273.99291629478,2711.48296368207,12102.25860618955
Brazil,BRA,2007Q1,8502.598086,-3401.76873391119,-6586.56870393754,960.70911372,-525.030238128737,21.87635191,-8501.76357170004,-9447.910953125,111.185,-6337.00531228984,-805.929954120908,-302.776067902172,-503.153886218737,23369.53953369949
Brazil,BRA,2007Q2,11466.00298,-4021.31894990605,-7219.2240307444,982.8158544,1208.27585374956,120.51548269,-15776.3314120497,-14679.7394400635,136.708,-5003.15216045439,2918.4047089298,1589.61337249024,1328.79133643956,38240.92670050275
Brazil,BRA,2007Q3,9942.696342,-4175.28245636828,-6846.41634547192,1014.82907635,-64.1733834901861,34.42527842,-7002.63012437998,-11634.9068541101,217.208,6936.36084853508,648.984366936334,678.73247200652,-29.7481050701861,12133.01360404093
Brazil,BRA,2007Q4,8587.000227,-4682.67331911283,-8347.70485723643,1070.6355217,-3372.74242764927,72.54367012,3762.48383486488,-12932.9042219488,245.16,-6895.09807731329,-2079.54988411274,1220.64887341654,-3300.19875752927,13740.76345141819
Brazil,BRA,2008Q1,2387.131487,-4318.65981362676,-11210.6475581512,986.86271922,-12155.313165558,18.61615481,-4346.07510186825,-6325.28489645527,195.088,-11698.5571360823,-13957.9672365592,-1821.27022581129,-12136.697010748,8216.906672475781
Brazil,BRA,2008Q2,8119.33972900001,-5931.48259677551,-11201.3101938129,899.44676775,-8114.00629383843,44.52733424,-3785.08812294638,-7760.48170360792,185.159,-5704.21640679023,-6043.42034083323,2026.0586187652,-8069.47895959843,11021.18256609906
Brazil,BRA,2008Q3,7999.87238800001,-6292.74378329797,-11329.0858475769,984.89998373,-8637.05725914487,60.10777284,-7316.76534423787,-4705.48819049348,21.206,-1490.41473319023,-8770.71965833458,-193.770172029715,-8576.949486304871,4720.943884955385
Brazil,BRA,2008Q4,5000.60885499999,-4983.98175343187,-8064.63499586977,1352.657,-6695.35089430165,28.84536489,-9153.16170456,15838.0524403192,-89.101,19026.1460172244,4632.19642108875,11298.7019505004,-6666.50552941165,-20989.72675579002
Brazil,BRA,2009Q1,2910.26321899999,-3700.51082042461,-6483.90427659861,862.0502,-6412.10167802323,26.36160609,-5734.8187,2231.85334991139,-203.8804,183.78140040461,-4704.875449684,1680.86462224923,-6385.74007193323,-1181.671076250838
Brazil,BRA,2009Q2,10878.10602,-6062.1185272706,-8648.17979733335,801.9832,-3030.20910460395,76.44157208,-8728.7551,-4417.36135103335,-8.4035,-1399.55516596941,-1955.08721700276,998.680315521191,-2953.76753252395,12598.01124898979
Brazil,BRA,2009Q3,7097.8522,-6056.38921056084,-8545.65783491751,923.7266,-6580.46824547835,29.4111229,-8376.9811,-21073.1328895675,42.9868,8608.73990697084,-3100.89438259667,3450.16273998168,-6551.05712257835,18327.07412788044
Brazil,BRA,2009Q4,3904.093921,-6654.64763545608,-11304.8525510539,749.7522,-13305.65406551,105.00300298,-13192.2509,-28880.9921609589,13.0651,10830.3259071411,-13693.5339538178,-492.88289128785,-13200.65106253,17834.29638888953
Brazil,BRA,2010Q1,480.624633645002,-7462.83794945,-16862.12686667,767.33236523,-23077.007817245,77.79280075,-6162.62899324,-9515.31100376,25.53895778,-13111.237326125,-22603.622916025,395.592100469989,-22999.215016495,6141.534831733056
Brazil,BRA,2010Q2,6531.72133907499,-9284.97995694,-17412.23051077,793.93342397,-19371.555704665,33.79209029,-6335.31069051,-14781.78980594,-8.52838768999999,-6493.983741255,-17113.234708565,2224.52890581002,-19337.763614375,10500.47057099588
Brazil,BRA,2010Q3,4409.53550541,-10585.38792472,-18427.9686384,672.37377846,-23931.44727925,118.29375387,-19885.69755255,-21436.52221432,18.80408209,2146.08562096,-21326.73340336,2486.42012202,-23813.15352538,17831.14417789644
Brazil,BRA,2010Q4,6936.05590792,-10393.63851077,-17542.51659722,662.33191698,-20337.76728309,12.17484517,-23243.2846363,-21179.34345592,76.33352987,12726.40406039,-17016.3769419,3309.21549602001,-20325.59243792,14606.82736259564
Brazil,BRA,2011Q1,2532.34163714,-9289.66753015,-16368.65158944,890.51650822,-22235.46097423,74.47419186,-23842.06254524,-15850.51591085,74.8835542,-12430.54633114,-24399.49462419,-2238.50784181999,-22160.98678237,27650.17428580004
Brazil,BRA,2011Q2,9215.653903465,-11934.47143707,-16987.86609247,684.80611927,-19021.877506805,31.65542912,-19836.93034824,-12192.50269553,-65.76432788,-2607.023916935,-19441.084174985,-450.862097299999,-18990.222077685,15255.9813565003
Brazil,BRA,2011Q3,9577.946610655,-11755.36621631,-19138.77027841,711.91681424,-20604.273069825,111.87862799,-23697.12263325,-8397.12073255,17.52220996,-4439.104776295,-22836.199587465,-2343.80514563001,-20492.394441835,13680.01525955982
Brazil,BRA,2011Q4,6199.132051875,-11375.27759418,-17235.50692679,697.05803559,-21714.594433505,37.78650171,-18983.99567781,-4807.57983395,-29.46752673,-538.248575885,-22311.994470655,-635.186538860012,-21676.807931795,2048.687671066967
Brazil,BRA,2012Q1,1766.362569175,-11133.87409389,-15974.44583637,687.23478951,-24654.722571575,28.57247723,-28531.6087784,-4543.55856438,0.776620129999996,-3447.735141205,-24157.388725645,468.761368699994,-24626.150094345,12364.74261502334
Brazil,BRA,2012Q2,4048.88839326,-12029.81818934,-14280.37649126,754.21709871,-21507.08918863,42.45279801,-21533.2333131,-951.675651750001,15.19626356,-10155.14643805,-23211.95365507,-1747.31726445,-21464.636390620002,9412.599748901212
Brazil,BRA,2012Q3,8063.87534745,-11913.26522217,-15915.3386532,671.30342152,-19093.4251064,106.07299246,-18837.89423404,-6100.74719846,-29.42617261,1309.3798648,-22472.77462915,-3485.42251521,-18987.35211394,1185.361251444626
Brazil,BRA,2012Q4,3029.263185195,-13471.06779463,-17706.28487488,725.15501455,-27422.934469765,30.81603319,-21582.38734489,-4229.82611817,-11.17651279,5799.815202255,-24087.578149645,3304.54028693,-27392.118436575,-4063.573899857337
Brazil,BRA,2013Q1,-5608.91297168,-12386.12753057,-10429.42251975,899.05754165,-27525.40548035,97.85413866,-8047.20600642,-10008.33732989,-45.55547169,-16699.80769284,-28246.47975689,-818.928415199999,-27427.55134169,6554.867490637033
Brazil,BRA,2013Q2,1559.528184825,-13319.84360207,-7709.56930556,654.12604261,-18815.758680195,35.08131596,-24645.41868896,-5141.25303198,-73.57741823,9500.501128495,-20637.344934375,-1856.66757014,-18780.677364234998,-275.6813057131185
Brazil,BRA,2013Q3,747.685212094995,-14674.65342499,-10164.40590786,768.00681737,-23323.367303385,139.99165403,-10643.71662664,-19390.36376424,18.07854971,11346.678367425,-22632.669146805,550.706502550005,-23183.375649355,-3963.299352107805
Brazil,BRA,2013Q4,3670.67680185,-14571.71473784,-9180.21531703,1361.75462386,-18719.49862916,49.32662933,-16231.18410256,2258.1060387,-9.29414960000001,4136.89838849,-18085.44512324,584.726876589993,-18670.17199983,-8239.757572598995
Brazil,BRA,2014Q1,-6374.59387976,-12538.12940105,-13087.42278594,670.17897918,-31329.96708757,84.2166571,-16029.18753828,-14015.39854587,-357.82718075,-4567.16497491,-30202.80375354,1042.94667692999,-31245.750430469998,4767.0001985275
Brazil,BRA,2014Q2,2831.73739316001,-14560.86931742,-10603.06640217,488.17881436,-21844.01951207,16.30766891,-11249.22843545,-18100.27461618,55.37071498,2177.49206852,-19858.99228392,1968.71955924,-21827.71184316,7257.91871506105
Brazil,BRA,2014Q3,1049.30880886,-15037.7736185,-13198.48185171,622.67469415,-26564.2719672,58.66584531,-20842.83218744,-11497.3796535,503.76339683,-3915.70201929,-27788.89196299,-1283.28584110001,-26505.60612189,7963.189355205501
Brazil,BRA,2014Q4,-4245.39609818501,-14915.79138868,-12537.71300191,943.91770576,-30754.982783015,72.28838608,-18985.88119093,2196.9610092,1366.86794493,-6504.321781095,-31081.397712935,-398.703315999983,-30682.694396935,-9154.931526447386
Brazil,BRA,2015Q1,-5826.57601167,-12520.55770833,-9716.11120616,544.67985294,-27518.56507322,78.3759836,-5625.9345088,-18902.69732238,2040.76598876,-8825.50824806,-28074.2668761,-634.077786480001,-27440.189089620002,3237.596549112382
Brazil,BRA,2015Q2,7032.400714865,-12489.90153077,-9617.51185736,572.08266923,-14502.930004035,64.33309902,-13578.32050875,-9523.65150644,-290.08004913,2073.838300225,-15844.365274085,-1405.76836907,-14438.596905015002,5474.602111119439
Brazil,BRA,2015Q3,7615.826148955,-10955.48424143,-9921.20467563,685.65606332,-12575.206704785,150.67959517,-18472.37065838,8798.0552983,2191.78928176,-1585.558371275,-13915.579719755,-1491.05261013999,-12424.527109614999,-4846.80329436715
Brazil,BRA,2015Q4,8623.300796375,-9703.93510644,-8680.33360317,948.78557106,-8812.182342175,167.76917838,-23927.55068878,1789.59384857,-492.779637929999,17332.111937275,-7595.31287580499,1049.10028799001,-8644.413163795,-2296.727767651967
Brazil,BRA,2016Q1,8017.435147615,-7674.82355724,-10970.60567925,802.36076411,-9825.633324765,87.4851885,-16759.6545856,7645.28900031,-41.4905301800004,5908.903177185,-7268.759304185,2469.38883208001,-9738.148136265,-4029.875266964023
Brazil,BRA,2016Q2,14300.94288058,-10172.49187912,-8380.31142182,785.06340569,-3466.79701467,24.32411595,-11540.60194752,1480.84223906,-1467.27952955,3734.14949429,-1742.88950515,1699.58339356999,-3442.47289872,6050.150014029352
Brazil,BRA,2016Q3,11598.766561975,-8706.47756304,-11223.04298848,626.39456242,-7704.359427125,86.16064415,-11467.84177929,7659.99852344,10.4163883900002,-8866.489353575,-6371.096666385,1247.10211659001,-7618.1987829750005,6292.822502803631
Brazil,BRA,2016Q4,10627.0107613,-10102.09399127,-10968.90689248,911.95442219,-9532.03570026,75.25127133,-19833.04756994,3247.25687889,529.44874466,8330.98398258,-6808.93532699,2647.84910193999,-9456.78442893,915.299877655084
Brazil,BRA,2017Q1,13213.685575655,-9249.12833321,-12086.94407975,465.50643941,-7656.88039789501,120.40729359,-19667.54356721,7294.03219334,10.4499042900001,2081.782300245,-6950.888218335,585.584885970012,-7536.47310430501,3329.54722196812
Brazil,BRA,2017Q2,19106.54647281,-10077.1650487,-9601.22184604,436.47586758,-135.364554349999,58.83545859,-7455.52329881,1751.92403535,-308.93816727,1578.56329946,1122.70530942,1199.23440518,-76.529095759999,5554.990462885624
Brazil,BRA,2017Q3,14233.17287619,-10840.76535348,-11285.68032749,512.01934154,-7381.25346323999,146.37403756,-11775.83187123,4285.33580565,163.39799347,38.35679375,-4668.45086317,2566.42856250999,-7234.87942567999,2619.980513634127
Brazil,BRA,2017Q4,10845.439828395,-11461.22027559,-10195.78222017,721.46253264,-10090.100134725,-20.05708153,-8646.07960274,4392.53243247,840.31937362,-82.0321958749987,-9909.752137125,200.405079129997,-10110.157216255,-6416.218403748802
Brazil,BRA,2018Q1,9211.87910504,-9299.35379948,-16543.6100714,-410.57265559,-17041.65742143,-51.64634812,-20809.35565859,1250.5883745,1224.0859958,-3708.66542685,-16179.06831706,914.235452490011,-17093.303769550002,5865.313186109032
Brazil,BRA,2018Q2,14300.89614846,-9680.28223104,-12034.41507042,474.29028926,-6939.51086373999,-130.35836541,-17564.24750875,-983.592755409996,238.13328137,8447.59610752,-7474.84775319,-404.978524040012,-7069.86922914999,2386.921242392111
Brazil,BRA,2018Q3,8081.30244823,-9821.45139191,-13477.88222964,-465.66128147,-15683.69245479,-68.01408916,-17081.1135218,-1254.75205555,645.42953228,-2436.1291809,-16866.32231931,-1114.61577535999,-15751.70654395,3259.238309528589
Brazil,BRA,2018Q4,12754.313609425,-10526.56316131,-16768.11668633,386.92275719,-14153.443481025,-285.94258659,-20704.55374152,7722.53882687,645.80588915,5635.725310955,-15284.593515215,-845.207447599991,-14439.386067615,-8574.201384693473
Brazil,BRA,2019Q1,5009.5125869,-8455.21704127,-11936.56249241,-489.02786001,-15871.29480679,-313.31754196,-6897.9158965,-6425.86822293,698.1998421,-7962.9011502,-14020.67184716,2163.94050159,-16184.612348749999,6567.784483038251
Brazil,BRA,2019Q2,12187.4602084,-10676.41050239,-11116.96949239,707.87047377,-8898.04931261,-734.62701696,-8912.09025642,7549.89634484,-278.61322651,-10463.66554032,-13045.45176841,-3412.77543884,-9632.676329569998,-941.0906383455202
Brazil,BRA,2019Q3,4579.27950911998,-8998.08296494,-17910.24599216,771.33690794,-21557.71254004,-561.91290486,-18382.87858422,10245.21442921,1026.7007965,-6611.70689829,-24497.4329882,-2377.80754329998,-22119.6254449,-10774.37282599003
Brazil,BRA,2019Q4,7791.006693725,-10351.23019698,-16307.83409965,193.96524424,-18674.092358665,-1041.46302323,-12161.92251435,7847.20123534001,227.14187326,9211.461116555,-15783.649831175,3931.90555072001,-19715.555381895,-20907.5828121669
Brazil,BRA,2020Q1,-56.1145805700016,-7337.89890745,-12239.41901042,475.77654685,-19157.65595159,-635.25838425,-13779.36121535,24154.97798194,3786.92483189,-12944.44602324,-18976.21202869,816.702307149988,-19792.91433584,-20187.99923717979
Brazil,BRA,2020Q2,14239.531113415,-4978.10194648,-4320.51079655,678.18426387,5619.102634255,-265.24049635,-20628.15768542,6950.25612371,1890.38024479,16836.447492485,8477.516424885,3123.65428698,5353.862137905,3424.57409469401
Brazil,BRA,2020Q3,16863.05229323,-5952.79240297,-10886.02462055,700.19791222,724.433181929995,-892.40943945,-5372.38153893,2009.57385274,-182.68606678,-1521.76628692,530.702608010001,698.678865530006,-167.976257520005,5604.324600795838
Brazil,BRA,2020Q4,4617.12032474,-6388.29451548,-10817.98297595,489.71579901,-12099.44136768,2639.79026238,-1957.46936931,-20232.55196251,-97.88510358,19059.70422736,-6292.27027927,3167.38082602999,-9459.6511053,-3056.246282670628
Brazil,BRA,2021Q1,-2330.644312165,-5256.04598494,-13981.75564115,1090.47872897,-20477.967209285,-1092.40314471,-15251.1060563,-923.907425760002,-339.3757021,-1801.202292085,-22511.417117785,-941.046763790006,-21570.370353995,-4201.760868394755
Brazil,BRA,2021Q2,25616.971234355,-6415.66347068,-10711.33021376,607.04646514,9097.02401505499,-2013.25984788,3339.18548443,-4550.35154204,-1459.55538011,4208.195135715,6138.089247105,-945.67492006999,7083.764167174991,4603.939856712267
Brazil,BRA,2021Q3,15947.33904317,-6973.53489133,-17767.48047045,732.04695667,-8061.62936193998,-1376.37835611,-14034.60310752,1467.87037541,1036.43791159,-18760.6575857,-11675.25810832,-2237.25039027002,-9438.00771804998,18667.35543688112
Brazil,BRA,2021Q4,3078.44931726001,-8311.75154466,-16510.3984046,777.22723166,-20966.47340034,-1241.41919411,-4254.64972095,-3874.71608712,-197.45004117,-8738.69163596,-22119.29839185,88.5942025999957,-22207.89259445,-5056.105237659613
Brazil,BRA,2022Q1,9893.43356292499,-9029.61733408,-11742.37917024,767.3587993,-10111.204142095,-1512.94810781,-10376.51141002,566.30909606,-1464.74110169,-1816.382250065,-11882.307563445,-258.155313539995,-11624.152249905,1205.580835435871
Brazil,BRA,2022Q2,19824.60006416,-11227.76508057,-10581.56196107,1073.1600411,-911.566936380019,-2296.03903886,-7011.94013771,6560.04034374,839.98266854,-3479.70342157,-2297.98498807,909.620987170017,-3207.605975240019,778.9970792950463
Brazil,BRA,2022Q3,10410.15203691,-10418.28756732,-19707.92032575,1060.57353853,-18655.48231763,-1551.30829818,-19470.4130713,1297.67373634,287.450976689999,-2565.03461578,-21719.42827583,-1512.63766001999,-20206.79061581,-1279.209780199721
Brazil,BRA,2022Q4,11393.638938425,-10214.50580168,-14498.27850023,840.59287822,-12478.552485265,-1763.63991883,-4392.9049522,-5505.0007092,-1693.50193597,7476.427414245,-12132.863220925,2109.32918316999,-14242.192404095,-8001.30392806625
Brazil,BRA,2023Q1,14512.304376205,-8927.5489739,-20146.41638318,538.60008665,-14023.060894225,-1993.20052097,-16924.99226664,1134.82343967,-201.307410650001,-8492.70024944,-13652.39240051,2363.86901468498,-16016.261415195,10839.63502235654
Brazil,BRA,2023Q2,27690.09242217,-11534.58810215,-19452.34221624,716.94307526,-2579.89482095998,-2704.84888789,-7714.24967183,-3554.19268364,-1338.73825806,1163.81928999,-4721.20321279,563.540496059986,-5284.743708849979,6714.899318070477
Brazil,BRA,2023Q3,24902.556816995,-10662.62419624,-20291.08565149,834.0138193,-5217.139211435,-3057.18928257,-13967.35306707,-1351.00747164,-1353.40173451,3472.58209454,-12314.35732115,-4040.028827145,-8274.328494005,876.241246822302
Brazil,BRA,2023Q4,25170.523361415,-12153.28602226,-19598.44045874,468.51575945,-6112.68736013499,-3610.48906573,1313.01369691,-5531.06862663,-5100.95057546,-876.36895219,-7261.79728378,2461.37914208499,-9723.17642586499,2950.084625129495
Brazil,BRA,2024Q1,16301.57346947,-11273.78561383,-18002.1200705,577.12758116,-12397.2046337,-4276.66972377,-18739.39967207,1556.36111701,-197.1043084,-1106.22318269,-16305.42734512,368.447012350001,-16673.87435747,2168.072430988232
Brazil,BRA,2024Q2,20962.51968619,-13284.81244136,-17000.1408802,594.99951402,-8727.43412134999,-4274.62423096,-8973.884807,5133.85921147,2417.10775987,-17053.17057584,-15773.37903765,-2771.32068534,-13002.05835230999,2697.450068943037
Brazil,BRA,2024Q3,15223.89187068,-15591.14772471,-20524.78870955,787.78439253,-20104.26017105,-4173.06501931,-12059.06299014,-9279.34769662001,-1780.15554298,-6032.32382156,-27710.65463903,-3433.32944867001,-24277.32519036,1469.523682320802
Brazil,BRA,2024Q4,13354.30963112,-14409.45876075,-19875.60158155,965.38279988,-19965.3679113,-3545.54295788,-6978.86584105,-551.517753789994,1736.58712753,12543.62978804,-25965.57491773,-2454.66404854999,-23510.91086918,-32756.64880188809
Brazil,BRA,2025Q1,7444.86020166,-12795.96373299,-15497.45371311,753.27566407,-20095.28158037,-2853.17359619,-10581.86293779,5506.38924091,-950.99315654,-18978.65180138,-25631.47187918,-2683.01670262002,-22948.45517656,-603.602053342006
Chile,CHL,1991Q1,606.8,107.4,-706.0,65.375,73.575,0.0,-245.5,-187.5,0.0,31.04,6.89,-66.685,73.575,454.7406462146824
Chile,CHL,1991Q2,776.6,-51.2,-535.5,74.575,264.475,0.0,-81.2,0.2,0.0,780.0,472.7,208.225,264.475,-174.0423183430004
Chile,CHL,1991Q3,65.0,-38.9,-378.1,75.275,-276.725,0.0,-230.1,16.5,0.0,282.6,-116.3,160.425,-276.725,-131.2825927676958
Chile,CHL,1991Q4,36.7,16.3,-308.3,96.275,-159.025,0.0,-140.6,-17.8,0.0,-965.1,-71.6,87.425,-159.025,1107.592894958118
Chile,CHL,1992Q1,542.6,34.5,-659.4,60.0,-22.3,0.0,-147.0,-212.1,0.0,163.3,-72.7,-50.4,-22.3,173.0154878506002
Chile,CHL,1992Q2,464.9,-95.9,-432.5,109.0,45.5,0.0,-84.8,-70.3,0.0,-650.9,144.3,98.8,45.5,994.953041684506
Chile,CHL,1992Q3,-110.2,-96.4,-388.0,84.9,-509.7,0.0,-181.9,-115.4,0.0,-381.1,-332.5,177.2,-509.7,397.8001754555457
Chile,CHL,1992Q4,-175.3,-18.2,-400.8,123.9,-470.4,0.0,-124.6,-60.4,0.0,-1065.1,-325.7,144.7,-470.4,980.8384767258068
Chile,CHL,1993Q1,16.0,42.0,-516.6,60.7,-397.9,0.0,-205.6,-32.85,0.0,-323.3,-292.95,104.95,-397.9,331.9546259048161
Chile,CHL,1993Q2,-125.8,-152.3,-403.2,113.3,-568.0,0.0,-38.3,-468.3,0.0,-61.3,-631.5,-63.5,-568.0,-3.55363855501515
Chile,CHL,1993Q3,-424.6,-131.2,-350.3,63.2,-842.9,0.0,-200.4,105.5,0.0,-483.1,-748.3,94.6,-842.9,-95.1269319694779
Chile,CHL,1993Q4,-455.4,15.6,-386.3,82.7,-743.4,0.0,-155.8,-334.2,0.0,-540.0,-891.964985,-148.564985,-743.4,194.2511464115631
Chile,CHL,1994Q1,237.1,81.4,-685.5,51.1,-315.9,0.0,-296.5,-300.5,0.0,-253.1,-630.1,-314.2,-315.9,280.4160966126335
Chile,CHL,1994Q2,99.6,-117.4,-604.5,74.7,-547.6,0.0,-789.0,21.9,0.0,27.1,-509.2,38.4,-547.6,282.3753406726423
Chile,CHL,1994Q3,-2.7,-96.7,-565.7,54.3,-610.8,0.0,-158.8,-326.6,0.0,-485.8,-706.9,-96.1,-610.8,342.2726129684382
Chile,CHL,1994Q4,398.0,-18.3,-643.6,151.2,-112.7,0.0,-427.1,-302.9,0.0,-1768.8,-295.4,-182.7,-112.7,2245.748086362679
Chile,CHL,1995Q1,951.0,29.3,-684.8,44.0,339.5,0.0,-814.0,-23.0,0.0,1016.7,69.8,-269.7,339.5,-74.53723136616578
Chile,CHL,1995Q2,557.0,-127.8,-707.8,89.0,-189.6,0.0,-594.0,168.0,0.0,-291.3,66.7,256.3,-189.6,809.7458395245221
Chile,CHL,1995Q3,-108.0,-207.0,-652.0,51.0,-916.0,0.0,-464.0,138.0,0.0,67.0,-484.2,431.8,-916.0,32.0170212808484
Chile,CHL,1995Q4,-19.0,-18.6,-668.9,123.0,-583.5,0.0,-333.0,-317.0,0.0,-511.0,-869.0,-285.5,-583.5,371.2984813500101
Chile,CHL,1996Q1,219.08871058,161.549719806889,-580.528075278333,49.4,-150.489644891449,0.0,-951.56509115,-492.144192017616,47.0,1406.67319201762,-493.836091149999,-343.34644625855,-150.489644891449,860.728203624773
Chile,CHL,1996Q2,385.50741876,-84.800692257637,-713.899596291667,159.0,-254.192869789305,0.0,-571.1926205,-470.980999193094,-10.5,1351.48999919309,1059.1163795,1313.3092492893,-254.192869789305,869.1489615922678
Chile,CHL,1996Q3,-624.40957452,-144.34947094453,-534.199986833333,102.6,-1200.35903229786,0.0,-1183.25394215,-248.015926233419,0.9,-427.730073766581,-1445.59994215,-245.240909852138,-1200.35903229786,411.4789837393425
Chile,CHL,1996Q4,-977.53575127,-7.67549326188004,-688.999516083333,196.6,-1477.61076061521,0.0,-975.15212273,76.9977195905042,-15.7,-1722.53371959051,-2183.38812273,-705.777362114787,-1477.61076061521,452.0131701185756
Chile,CHL,1997Q1,669.37846834,234.98236807995,-610.71,152.3,445.950836419947,0.0,-395.415787777889,-761.562790702347,-24.0,-46.0278332200086,558.523429801851,112.572593381905,445.950836419947,1785.349039804369
Chile,CHL,1997Q2,130.48231707,-160.172855413024,-713.502,141.4,-601.792538343026,0.0,-1120.75379340189,-530.024433982354,-76.5,503.709383908999,-313.280997830435,288.511540512591,-601.792538343026,910.2231096960932
Chile,CHL,1997Q3,-882.1583731,-203.36273544712,-588.376,140.5,-1533.39710854712,0.0,-1378.68750025222,-342.115853023969,-57.6,-1176.00949227885,-2276.75363376012,-743.356525212996,-1533.39710854712,677.5904782647016
Chile,CHL,1997Q4,-1269.96474892,-82.56524900697,-704.523,86.1,-1970.95299792696,0.0,-913.85009548021,8.604122914662,-7.1,-424.365926703919,-1390.47285894412,580.480138982845,-1970.95299792696,-54.7013413937306
Chile,CHL,1998Q1,-502.64921261,50.4122576733301,-399.931,68.8,-783.367954936665,0.0,-1046.48127448824,289.694043533776,-0.4,-160.51438822869,-1779.13272961343,-995.764774676766,-783.367954936665,-862.008589703923
Chile,CHL,1998Q2,-449.46156538,-190.560659597995,-570.2970469987,151.8,-1058.51927197669,0.0,-630.594028988079,1170.02165256561,6.5,696.412665510297,-205.7360539155,852.783218061192,-1058.51927197669,-1449.047725578022
Chile,CHL,1998Q3,-920.02237325,-311.913412118258,-356.468222633606,82.2,-1506.20400800186,0.0,-989.862117372673,1097.01149105481,31.2,-1016.76493861683,-1451.92073644094,54.283271560914,-1506.20400800186,-573.750855985448
Chile,CHL,1998Q4,-93.7606384400001,-74.121719420687,-562.056863644703,159.6,-570.339221505385,0.0,-477.399293561233,-88.092016693789,22.0,-868.931794714978,-723.516666642468,-153.177445137082,-570.339221505385,693.5485607859224
Chile,CHL,1999Q1,823.85194683,-21.59187743221,-431.68548137796,121.1,491.674588019836,0.0,-406.12355953371,1092.2813169905,9.1,974.200354286152,839.126659695311,347.452071675475,491.674588019836,-828.2106721779219
Chile,CHL,1999Q2,708.04977875,-242.333532379171,-676.143570842178,152.6,-57.8273244713497,0.0,-4439.82684321147,2823.83627599257,-21.4,1979.25020466363,666.726529564762,724.553854036112,-57.8273244713497,323.9375480912781
Chile,CHL,1999Q3,251.89637295,-275.157371117227,-493.468721848333,172.7,-344.029720015557,0.0,-1199.98622272082,-469.688659532247,3.4,-437.253872569447,-2589.85997045796,-2245.8302504424,-344.029720015557,-493.7522392174533
Chile,CHL,1999Q4,696.36033519,-251.102225407649,-631.837612632306,196.1,9.52049715004158,0.0,-157.155605011374,-229.017539412632,14.5,226.74246254667,109.331874201187,99.8113770511458,9.52049715004158,251.5092482162478
Chile,CHL,2000Q1,1056.16663128,6.06010270426989,-494.853080667227,112.7,680.073653317039,0.0,504.140551271806,-112.289391247161,2.8,-593.438326767859,-253.521596750921,-933.59525006796,680.073653317039,-54.78174247319511
Chile,CHL,2000Q2,320.60827424,-250.04228325116,-747.699433306773,146.2,-530.933442317924,0.0,-944.665506063543,-96.479212231922,-1.8,1045.05340825307,141.397702187139,672.331144505063,-530.933442317924,138.7761254848301
Chile,CHL,2000Q3,295.01335226,-287.401150033323,-678.430577541483,147.0,-523.818375314808,0.0,-249.923552003975,-636.124063642635,15.4,179.985124292783,-924.676971535238,-400.85859622043,-523.818375314808,-252.068083727772
Chile,CHL,2000Q4,509.28890823,-249.639157881196,-934.598028962533,152.1,-522.848278613721,0.0,-182.922011402174,206.107577977694,-18.6,95.3364620472559,586.098456681935,1108.94673529566,-522.848278613721,484.608976450283
Chile,CHL,2001Q1,676.58240859761,-229.80120853255,-698.614682190743,75.1,-176.733482125682,0.0,-1447.71628810175,2017.51240870649,22.8,-959.885979336545,-465.976734572506,-289.243252446825,-176.733482125682,-96.85011648534044
Chile,CHL,2001Q2,707.89846360025,-271.524505892809,-762.307926634553,161.2,-164.733968927113,0.0,-560.030830810428,-1158.12135290388,9.5,1841.85316980534,-20.3701109241207,144.363858002992,-164.733968927113,-153.741678242391
Chile,CHL,2001Q3,-104.1624568252,-256.192955141929,-494.694964571666,113.8,-741.250376538801,0.0,-704.704152685071,-717.380575424779,41.8,720.903398231123,-945.696549929571,-204.446173390769,-741.250376538801,-286.2340549711987
Chile,CHL,2001Q4,634.93239126735,-158.44558593738,-570.596896375413,76.7,-17.4100910454407,0.0,122.420258969701,-281.281521018144,11.6,-321.092649500807,-525.86504761773,-508.454956572289,-17.4100910454407,-62.13338091968562
Chile,CHL,2002Q1,953.930440390481,-184.45098354661,-602.743046863706,119.306752375461,286.043162355626,0.0,-779.174820283703,1083.21776003515,-69.1999999999993,-305.674000476451,-245.131060725001,-531.174223080627,286.043162355626,-186.7827822408799
Chile,CHL,2002Q2,819.01520573574,-238.725426630633,-740.128253427995,173.326764608833,13.4882902859411,0.0,-837.159752002469,-44.594281066159,-35.0000000000004,22.7092845447278,-347.7447485239,-361.233038809842,13.4882902859411,546.1526937148797
Chile,CHL,2002Q3,-106.03981086815,-270.09811518617,-665.981430307635,149.052641601854,-893.066714760108,0.0,-175.411693870286,799.897212792909,135.3,-876.592911269874,-638.607392347251,254.459322412857,-893.066714760108,-522.5925191640714
Chile,CHL,2002Q4,768.6902330979,-58.22065996012,-837.851389685778,140.841193708905,13.4593771609077,83.0,-415.023386819795,478.770637256167,92.5995154278309,-708.963775972327,-204.217010108124,-300.676387269031,96.4593771609077,348.2417596527085
Chile,CHL,2003Q1,1005.27624189412,-139.542487939618,-806.639816112957,135.939752083366,195.033689924644,2.47377456,-591.605085709067,-602.424144255236,35.6999999999993,368.080395899481,179.051165935177,-18.4562985494665,197.507464484644,969.2988302901342
Chile,CHL,2003Q2,910.577965826165,-132.930999598979,-933.537191403357,117.185465070604,-38.7047601055318,2.25275971,-857.551221584673,1150.30434078536,10.7000000000003,1691.32583603656,718.17895523724,754.630955632772,-36.4520003955318,-1272.559431491663
Chile,CHL,2003Q3,721.078047343341,-200.247475422051,-983.16297868065,146.882661553534,-315.44974520584,2.9560022,-379.875713859202,1490.63793310535,-71.1309117530833,-1732.34691120089,-636.515603707825,-324.021860701985,-312.49374300584,57.7579469246964
Chile,CHL,2003Q4,1306.51837088559,5.95051702968976,-1184.22695331148,195.032259474014,323.274194077861,2.65993481,162.784899417116,1249.61130033948,-92.9,-533.91754322239,671.078656534206,345.144527646344,325.934128887861,-111.697856845503
Chile,CHL,2004Q1,2728.6030790005,-195.88176865569,-1338.148099418,195.56307118651,1390.13628211328,2.67104847,-897.646980489787,383.568533482273,-140.71387336,2289.42943443021,1725.9371140627,333.129783479415,1392.80733058328,90.8895656504944
Chile,CHL,2004Q2,2740.56580059674,-235.335544081583,-1765.22040789038,390.430938294773,1130.4407869196,2.26550723,31.6019024509215,1282.52904360731,48.72799633,-68.5081495819684,1318.87079280627,186.164498656671,1132.7062941496,24.68145475260429
Chile,CHL,2004Q3,2392.7527180858,-334.481306270172,-1989.12243206726,234.119825398558,303.268805146914,2.52224002,-2629.27747096603,959.88563019041,109.70645127,543.306559338091,-1152.57883016753,-1458.36987533444,305.79104516691405,-136.5207849447532
Chile,CHL,2004Q4,2425.33076731265,-62.4771205607044,-2197.78204557315,241.517413065518,406.589014244273,2.58472999,477.677158964868,330.780984499397,66.2998862800002,907.745059401565,1612.10308914583,1202.92934491156,409.17374423427304,-170.5049542374348
Chile,CHL,2005Q1,2688.29260021184,-283.40129952352,-2026.20175052773,331.673678720197,710.363228880787,2.72072204,-836.083333666192,-56.6558097727781,79.9494785116332,1100.62298478987,-87.3666801374674,-800.450631058254,713.0839509207871,-381.9966131463608
Chile,CHL,2005Q2,3004.17916974586,-288.727692343685,-2326.54378079943,401.430940505267,790.338637108042,2.69010053,-1557.31699510989,879.21161279352,179.792998669966,-1069.94383842043,43.0437779331675,-749.984959704874,793.028737638042,1611.692958387377
Chile,CHL,2005Q3,2221.87384325227,-325.670016202207,-2505.67404437824,444.823953060276,-164.646264267899,2.67639349,-1730.6753665069,1498.96273352467,-33.3399672728712,1342.12665848923,113.474058234137,275.443929012036,-161.969870777899,-962.1546975252312
Chile,CHL,2005Q4,3550.96493301544,-326.888583682744,-2843.68093278001,620.700893714529,1001.09631026722,3.16038201,130.642068690307,835.161961818895,80.0423608282572,-878.798219879425,1610.24817145803,605.991479180812,1004.25669227722,1443.291771825644
Chile,CHL,2006Q1,5605.78761143918,-348.434715331727,-4154.17788328352,363.9962746238,1467.17128744772,3.43683276,-3209.34012474719,2324.58899678552,-52.886794877036,2768.44055048429,759.702627645588,-710.905492562137,1470.60812020772,-1070.33754141493
Chile,CHL,2006Q2,7317.58352418529,-358.367646067982,-4642.47435792443,1181.30947807581,3498.05099826868,2.67063093,1303.24912459401,1597.69039101694,296.168178428817,-1085.93677978958,3531.8709142502,31.1492850515206,3500.7216291986797,1420.58602182063
Chile,CHL,2006Q3,5490.73451313713,-456.46858698115,-4119.61963967503,664.46235828368,1579.10864476463,2.87723287,-2446.32015643668,4364.57919175554,159.117775000183,82.9132068659826,2085.34001718502,503.354139550391,1581.98587763463,-74.9844430770894
Chile,CHL,2006Q4,4698.07797507027,-328.866934118315,-3521.56970516784,1063.94028124886,1911.58161703295,4.32196843,1624.15954532486,1225.5591583092,-6.20101917297538,-903.357454172683,3662.9601592884,1747.05657382545,1915.9035854629499,1723.06881838613
Chile,CHL,2007Q1,7302.10156981803,-263.711075641889,-4113.3756559568,423.139137734021,3348.15397595337,4.57777713,-3455.78410433756,5026.06792992778,117.878499283159,4786.19154087765,2352.13954717008,-1000.59220591329,3352.7317530833698,-4122.167703720042
Chile,CHL,2007Q2,8127.42872141575,-423.748085580473,-4832.42814994288,940.919742400924,3812.17222829333,3.38243067,733.375703400142,2404.00861765387,-61.804401560628,-2923.79233437527,2689.85889282662,-1125.69576613671,3815.55465896333,2538.201747396908
Chile,CHL,2007Q3,4943.04434952486,-468.830560404243,-3912.63353425829,773.065260698473,1334.64551556081,2.9072873,-2002.59618747845,5618.16696018644,28.2600701991425,417.644535665691,2109.95188229542,772.399079434608,1337.55280286081,-1951.361906399886
Chile,CHL,2007Q4,3923.66683497499,-284.383785856698,-4069.42883395719,655.596247327092,225.450462488222,4.89488078,-1459.05255947557,3177.18268389071,13.9344090443314,-827.333417313134,1226.25551121003,995.91016794181,230.345343268222,321.6115920084192
Chile,CHL,2008Q1,6168.00157662494,-345.760385139499,-4249.74325581264,499.268825820553,2071.76676149332,3.4909135,154.251444564254,4785.36146913595,-379.739186082431,-2442.89571167834,2466.31293452163,391.055259528301,2075.2576749933196,357.99297118737
Chile,CHL,2008Q2,2917.36768044319,-539.780119531217,-4526.16453934882,1172.78717729859,-975.78980113826,3.62385542,-3883.64405280637,3201.52700927309,627.929800405679,-1250.76911751956,1114.44767944861,2086.61362516687,-972.16594571826,2427.676583895584
Chile,CHL,2008Q3,-1368.24577181927,-657.221349372201,-3123.76923691256,642.871835553548,-4506.36452255046,3.93486561,-2262.48343412483,-923.075172815019,560.648090901201,-5147.35028173686,-3157.10029467686,1345.3293622636,-4502.42965694046,4615.144018445191
Chile,CHL,2008Q4,-1377.32985462377,-458.508228629246,-2621.15547316519,332.910101038552,-4124.08345537965,5.79298509,-4357.24164903014,1366.77309841985,232.125988047563,-1475.16600790093,-5173.16219613768,-1054.87172584804,-4118.29047028965,-939.6487456103696
Chile,CHL,2009Q1,2552.1520739665,-396.192747537239,-2283.37165781554,229.174111859897,101.761780473608,3.21377735,-1859.5855258304,-960.348079250638,225.390954860978,2115.11180555939,-19.7866563889734,-124.762214212582,104.975557823608,459.7357462060632
Chile,CHL,2009Q2,4219.76059379276,-637.070212773192,-2923.9213097095,635.291167098724,1294.06023840878,3.17069465,-916.011796152976,5278.31010150865,616.046678867651,-2965.97696033787,1549.62221832332,252.391285264536,1297.23093305878,-462.7256654017732
Chile,CHL,2009Q3,3646.73032490619,-801.726669809434,-2982.16032788187,116.849065109773,-20.3076076753393,3.29394812,-2398.21675416511,3636.52851991141,179.473652564788,-3276.81607592962,258.267231251747,275.280890807085,-17.0136595553393,2117.615847449704
Chile,CHL,2009Q4,5182.03361386623,-549.538807878675,-3689.1058265587,154.266929575363,1097.65590900421,4.7701983,-1770.79351589545,3841.24178320806,27.6919812768357,-1031.7598548457,599.931518544632,-502.49458875958,1102.4261073042098,-466.7822318294691
Chile,CHL,2010Q1,3809.46387654659,-556.718166009644,-3424.89637776573,330.108425454147,157.957758225371,7524.28199345,-2451.8597349191,2564.23441660662,497.757626065346,6108.02093077063,7573.67700478215,-108.562746893217,7682.239751675372,855.5382914570824
Chile,CHL,2010Q2,3472.45260070083,-724.352266139314,-3160.03377674642,1156.29445199581,744.361009810958,4.03401019,-172.199022543332,-4.70145284626892,-157.095590636219,-661.844715832643,-645.785833012289,-1394.18085301325,748.395020000958,349.5608290577681
Chile,CHL,2010Q3,3962.89706515988,-800.271395928557,-3728.15097884727,366.432992527029,-199.092317128883,4.97826334,-3273.74940833868,4392.58881069836,232.602462470315,-1745.01669370683,-360.412823761083,-166.2987699722,-194.11405378888298,33.02659344608479
Chile,CHL,2010Q4,5069.7908518886,-886.284071645467,-3773.4819640277,833.441266320997,1243.46608258646,4.7737098,-390.736065723304,-503.236292181652,360.42466652246,-331.556766466175,919.987810783684,-328.251981602771,1248.23979238646,1784.943120833167
Chile,CHL,2011Q1,4318.19287720044,-879.220270855542,-6087.71359248806,633.056816324413,-2015.68416981875,3.35085251,-4170.07500110138,-1353.44754382957,682.639700384862,1978.87829239673,46.3297293427759,2058.66304665153,-2012.3333173087499,2907.635667971665
Chile,CHL,2011Q2,4109.34203631621,-1131.80705044421,-5225.48204291495,949.533476784395,-1298.41358025859,2.34348639,-389.511206346361,-40.5662728768561,239.307982669696,-3812.37913679629,-1051.40779458796,244.662299280628,-1296.07009386859,2952.585696267563
Chile,CHL,2011Q3,533.84270694519,-1251.38366127993,-4775.38268636064,397.488027380427,-5095.43561331497,2.96478117,-2217.47237214405,-7626.27412657762,505.526151009247,28.189794450298,-5659.70548546892,-567.234653323943,-5092.470832144971,3651.27964036358
Chile,CHL,2011Q4,2304.90331990396,-663.212955543403,-5750.93314272274,157.945519813149,-3951.29725854903,3.28066968,-2700.78860839403,-1513.80658014949,990.749485105614,-3887.5760420925,-2431.72648121781,1516.29010765123,-3948.0165888690303,4680.290631463948
Chile,CHL,2012Q1,2748.34399290606,-786.657640725261,-3255.28025372444,455.432494916183,-838.161406627466,2.8102206,-1657.4274703734,3707.30380725647,-411.943732528718,-100.667835822653,-1303.45487169773,-468.103685670258,-835.351186027466,-2840.395522038352
Chile,CHL,2012Q2,1746.64418765314,-1166.83477967876,-3800.11030483198,550.025863951441,-2670.27503290609,2.5396686,-990.44956036986,-4609.18003271062,768.143390436324,-2032.70628507529,-5076.58626353793,-2408.85089923184,-2667.73536430609,1787.94892717378
Chile,CHL,2012Q3,-2012.78451408159,-1144.39007736307,-3477.80382067368,296.78345589168,-6338.19495622666,2.48021158,-2267.84848672461,-688.51137801457,-535.338979437466,-467.016775798838,-4877.38925636975,1458.32548827691,-6335.71474464666,-918.529665556765
Chile,CHL,2012Q4,427.031806876163,-1058.53874142928,-4100.60681562876,350.353135967214,-4381.76061421468,4.17866502,-6951.25956966477,4533.7565666003,168.704928454452,-3305.89574729201,-3949.69473769591,427.887211498766,-4377.5819491946795,1605.074876366368
Chile,CHL,2013Q1,552.515548436593,-961.21048202746,-2761.07647428907,296.069301429509,-2873.70210647847,3.51002758,-1938.53700609844,-188.302335317557,41.876897234898,1777.51059498235,-1541.76842015596,1328.42365874252,-2870.19207889847,-1234.379623958891
Chile,CHL,2013Q2,1377.23649458212,-1377.68369311387,-3182.68369321854,457.533526717769,-2725.59736517362,3.371382,-1745.50747683404,-8028.2537161167,231.552681697095,3825.14438298356,-3944.24795971691,-1222.02197654331,-2722.22598317362,1773.505384080697
Chile,CHL,2013Q3,-358.362701874619,-1312.71986524184,-3034.23367197085,509.618110895878,-4195.69812816739,2.32159935,-3430.16612523978,-958.214878655603,558.674232172088,-2249.84640048264,-5315.00740056132,-1121.63087174393,-4193.37652881739,764.5972905959904
Chile,CHL,2013Q4,828.010343372465,-1313.09846490191,-3342.59190805012,374.110066916082,-3453.56996267726,3.66117574,-4683.55062446631,4314.16464993704,173.239114929331,-1545.85506409498,-2733.63203096202,716.27675597523,-3449.9087869372597,-991.6902618569354
Chile,CHL,2014Q1,1933.23717787783,-1233.2675537394,-3547.72057620014,358.340208266022,-2489.41074373954,3.02219637,-3132.12918454444,-837.197998708029,802.58217336235,1560.5966163006,-1740.61322138116,745.775325988358,-2486.38854736954,-134.5601251229026
Chile,CHL,2014Q2,2844.21887614915,-1508.41194372118,-3212.47868700386,635.628414710416,-1241.04333987308,2.04605695,-2802.49122224924,942.291463345445,91.0624123099111,-530.390259258739,-2409.59113133258,-1170.59384840951,-1238.9972829230799,-109.9718913483113
Chile,CHL,2014Q3,777.544862774594,-1451.40174850041,-2557.85158130069,509.830481832534,-2721.87798525879,2.70268153,-3164.18384335739,-2257.12995808707,476.0092574027,1397.51691031774,-3368.1395044274,-648.964200698608,-2719.17530372879,179.4955723272131
Chile,CHL,2014Q4,1175.62252623344,-1463.30564634311,-2256.8923309447,15.3192011850749,-2529.25624980179,2.88430876,-6349.15394727035,-1331.37560052568,240.808558650055,4493.73782947335,-1824.2478678836,702.124073158185,-2526.3719410417903,1121.859384052647
Chile,CHL,2015Q1,2479.12642907383,-1427.13516882206,-1690.31454584011,295.011403731001,-343.31188193614,398.173877813093,1401.34349810176,1286.0492952739,113.126962048018,-184.009429005803,2011.83791752946,1956.97592165251,54.86199587695296,-605.1575374667738
Chile,CHL,2015Q2,2378.0157975798,-1519.53813557469,-1629.59703254053,197.545668547827,-573.573701927014,1.4946419,-897.302637561626,-64.8458080700907,-178.498745794277,477.206371659057,-952.76690430957,-380.687844282561,-572.079060027014,-289.390178677278
Chile,CHL,2015Q3,-1142.07852471822,-1493.62259853679,-1279.54524466459,580.533417471002,-3334.71295030504,244.855116716908,-516.851277876625,-3080.69470410132,366.868246601029,26.3129625933007,-2833.93939268236,255.918440905753,-3089.857833588132,385.5907116561418
Chile,CHL,2015Q4,-139.219646630765,-1130.66813895773,-1384.57924896215,274.882946745914,-2379.58408787195,50.84095085,-1902.34167837628,-292.667358109701,420.723840220897,-1102.44469353564,-2142.03542060633,186.707716415632,-2328.74313702195,734.8548994093833
Chile,CHL,2016Q1,2078.72321206108,-1202.37002388513,-1610.91937216055,374.823019669983,-359.743164320188,2.85548276,-2461.57232536518,3264.59820179724,157.359124447857,355.240731357489,1452.8157811977,1809.70346275788,-356.887681560188,114.5128780595645
Chile,CHL,2016Q2,1651.68164542178,-1492.85670388173,-2042.93525360055,267.449106624132,-1616.66120538773,1.76309146,-990.703373186411,-2300.68399776711,269.987263567186,1122.2925220995,-1654.64809681194,-39.749982884206,-1614.89811392773,227.3959832315615
Chile,CHL,2016Q3,-175.162879887139,-1503.00474739881,-1487.29639512086,212.479843757429,-2952.98417865966,1.71814139,-16.9252502912641,-3271.18543136705,45.9840345002794,250.682467855563,-3293.2061287715,-341.940091501844,-2951.26603726966,-305.3496041817992
Chile,CHL,2016Q4,1395.43471907396,-1280.3925921551,-1794.40628583906,74.275277286837,-1605.08888148116,2.33643145,-17.7785188746157,-186.024900895773,216.178690746382,-2473.81635267421,-736.23604904851,866.516400982657,-1602.75245003116,1710.00012197808
Chile,CHL,2017Q1,1079.60108063651,-1293.06163228864,-2121.26155245167,398.158908434852,-1936.56319559443,64.74314869,268.379810931474,850.199675021856,-97.1213483698953,-634.765439708219,-1599.89386218727,271.926184717169,-1871.82004690443,-1985.793959494542
Chile,CHL,2017Q2,1774.62259677098,-1630.6501920201,-2848.94407306945,306.860619896914,-2398.11104838304,22.06433456,564.448141634358,-42.4077952665323,123.02426098167,-492.704572039931,-423.423646133842,1952.6230676892,-2376.0467138230397,-561.4103471707766
Chile,CHL,2017Q3,1985.08961369015,-1348.95839274744,-2616.00847247814,65.8535865145193,-1914.02366485558,1.09989641,-177.478949707357,1509.55725328077,31.6411327275864,-1796.86784441903,-1886.04196082759,26.8818076179864,-1912.92376844558,-1467.061697778221
Chile,CHL,2017Q4,2651.07473794176,-1337.8678566153,-3169.4288945324,489.138268917672,-1367.08374415561,1.1017579,-3357.59658111651,2483.89049535216,7.14487394663792,-2647.55889170409,-2248.45707182762,-882.475085572003,-1365.98198625561,1248.478640829345
Chile,CHL,2018Q1,2983.79757355028,-1553.59485077637,-3126.97343816545,334.709012007769,-1362.06170332178,40.46531382,-3673.1335538766,4506.11411282773,-154.477769014323,-1045.11681324629,-1509.62305496928,-188.026665467738,-1321.59638950178,-1141.480017286207
Chile,CHL,2018Q2,1435.44103173759,-1931.00161276039,-3561.4299183852,745.126030439211,-3311.86446905427,0.65684198,-2526.1665286428,-1310.13799118749,129.846956583651,1001.23634446581,-3098.5207246023,212.686902471247,-3311.20762707427,-376.5346434508626
Chile,CHL,2018Q3,-216.541788166011,-1883.70581059128,-2856.08750261146,715.299760700635,-4241.03534071756,0.66752835,-113.0087754525,-1815.0442254964,692.0143819134,-3413.1999961021,-4471.9351473703,-231.567335003597,-4240.36781236756,181.9495862416876
Chile,CHL,2018Q4,205.856911287356,-1973.15744924173,-2617.27633932912,34.2451822688457,-4350.33169501801,0.9789113,216.2761967702,-4076.757627772,214.348118566372,-1368.1503966919,-2258.56380350498,2090.78898021228,-4349.35278371801,2772.599643578323
Chile,CHL,2019Q1,1820.2130784,-1885.4487947697,-2330.44962720046,416.030860737402,-1979.65448283276,0.66525543,-132.11078253502,1930.67135047898,-41.633019783515,-678.7672123251,-85.4710421792399,1893.51818522315,-1978.9892274027602,-1172.70243721644
Chile,CHL,2019Q2,691.506432210683,-2171.59863471386,-2901.52120371634,324.070656236344,-4057.54274998318,0.78285447,-2796.3473076017,-1930.81507695974,369.119419034306,156.5994341,-4084.6280909303,-27.868195417384,-4056.75989551318,115.6295799429641
Chile,CHL,2019Q3,-129.208325382006,-2012.38703810967,-2424.76970279136,187.480904384372,-4378.88416189867,1.14130742,-574.714681633,-4218.8380905961,46.27755869172,561.36196848405,-4924.41090395974,-546.668049482047,-4377.74285447867,-725.7012152364338
Chile,CHL,2019Q4,633.603025667097,-2015.60544134365,-2754.27345505363,46.8883117736084,-4089.38755895658,1022.29513821739,269.15821313267,-6344.1772125844,1126.85447683574,1620.14690540506,-1695.1836162519,1371.90880448672,-3067.09242073919,1641.64207750777
Chile,CHL,2020Q1,3111.79623491797,-1869.67534670657,-3928.888853,262.464702028002,-2424.30326240543,0.60004082,-5222.3463331816,-3349.3797109355,1246.38942756679,7161.3896716708,-2541.19570237911,-117.492480794496,-2423.70322158543,-2345.64237648397
Chile,CHL,2020Q2,5759.06533983654,-1474.13047628636,-3980.000092,138.403515980404,443.338287873594,0.10421661,-2001.0400928827,2057.6690209535,800.75504769941,-72.1323218214002,-980.266243590627,-1423.70874807433,443.442504483594,-1769.166202983589
Chile,CHL,2020Q3,3916.99902185007,-1892.27410435563,-3653.110129,-377.103406837503,-2005.48861835486,0.2145688,622.728349258472,-9592.7268158377,629.547389456494,3487.7310396001,-4243.91939698493,-2238.64534743082,-2005.2740495548599,606.6208990329548
Chile,CHL,2020Q4,6128.97748009178,-2236.41803057959,-4302.684943,-555.747305316816,-965.872798820345,0.22565018,1551.54828164713,-2205.68537590957,-140.289602238374,203.6901747047,48.2745208079696,1013.92166944768,-965.647148640345,638.0012868330048
Chile,CHL,2021Q1,4160.93512093856,-2448.96604012708,-4584.832764,-273.440767740239,-3146.30445128804,0.58569841,-2703.0767010989,562.63391700396,-669.9929071252,-1176.41172867903,-2531.72387806286,613.994874814521,-3145.71875287804,1454.845397019605
Chile,CHL,2021Q2,4515.30223007507,-2727.63878799459,-5057.875671,-943.726310404444,-4213.93853973416,0.36699447,-3110.2048771152,-12189.796043186,76.715408093996,5097.0523544475,-5680.5327706583,-1466.9612253959,-4213.571545264161,4445.24278138478
Chile,CHL,2021Q3,300.056599237087,-3402.39932946852,-4502.806535,-121.387679805154,-7726.53694533132,0.36160233,-2075.8323370377,-15854.068912907,225.586655915332,-747.7858364641,-9777.052124729,-2050.87678172908,-7726.17534300132,8683.127450794867
Chile,CHL,2021Q4,1329.01392602944,-3914.77705781539,-3801.083353,-1488.64152438021,-7875.48800919307,0.74144892,7285.2507704196,-5163.93551271032,350.265974318796,-7312.8068452156,-7205.6260742955,669.120485977403,-7874.74656027307,-2365.035564634911
Chile,CHL,2022Q1,1014.0962822194,-3901.967445,-2208.672521,-28.32754571,-5124.871229,0.92160277,700.30288653,-2932.5486937,527.793152637,-1980.24763025,-5464.00409067,-340.0544636,-5123.94962623,-1780.336591054557
Chile,CHL,2022Q2,-201.8200923,-3788.862431,-4993.199743,235.36891222,-8748.513354,0.66768393,-4613.681441705,1662.17139349,-60.65325376,-3664.5640602,-7650.378414,1097.4672554,-8747.84567007,-978.2268928775104
Chile,CHL,2022Q3,-1046.035434,-3647.530572,-3410.894727,189.29300455,-7915.167729,0.39779902,209.38647313,214.0338078,379.7865686163,-2169.58361026,-8390.26163,-475.4917,-7914.76992998,-7030.662280105395
Chile,CHL,2022Q4,3803.9294738,-4121.612802,-4064.058067,-486.1952615,-4867.936657,0.24178085,-1013.30464437,-4579.5514077,-810.43671543,-1011.4205465,-6839.041223997,-1971.346348,-4867.69487615,570.7966385890884
Chile,CHL,2023Q1,6332.9072678,-2602.152792,-2699.860546,-31.95363435,998.94029568,56.1771411571211,-683.957710382,3549.70326841,-825.9493206,1571.58864914,3280.7205383,2225.6031014,1055.117436837121,-330.1903451942553
Chile,CHL,2023Q2,2796.7556566,-2925.760023,-3515.467846,466.71063771,-3177.761575,0.35197188,-4405.6881977,3302.66175338,-807.3288514,-2833.8811987,-4284.25321261,-1106.843611,-3177.40960312,456.4338775930295
Chile,CHL,2023Q3,1147.3337393,-2749.049252,-4195.36241,143.35346761,-5653.724456,0.19209955,-5353.0774598,-3368.1556389,-573.67782982,125.73976357,-6983.4361784,-1329.903822,-5653.5323564499995,2176.572373199526
Chile,CHL,2023Q4,3531.9169324,-2358.299247,-3997.179307,159.00734613,-2664.554275,0.24816671,830.3862193,-2033.2401867,449.55738414,-4106.2881793,-386.82324664,2277.482862,-2664.30610829,4472.571803483488
Chile,CHL,2024Q1,6935.0863575,-2136.133843,-3819.03633,195.91983045,1175.8360145,23.8998058307063,-2188.6345094,-1347.8166556,13.600149105,4572.61771205,477.99049608,-721.7453242,1199.7358203307062,-574.1663644180763
Chile,CHL,2024Q2,5261.8101404,-2376.356457,-4934.905703,185.6937917,-1863.758228,0.2373129,-3039.96899809,3401.84206733,30.10024875,-2173.8968817,-3651.39086445,-1787.86995,-1863.5209151,-1867.020518587517
Chile,CHL,2024Q3,4079.3510301,-2425.835022,-3965.211249,-76.10091698,-2387.796157,0.29396289,-4258.76150142,645.6867449,-233.466911609,-438.183270684,-4324.4463151,-1936.944121,-2387.5021941100003,-38.04579802807567
Chile,CHL,2024Q4,4756.283935,-2210.590008,-4280.865919,-41.82644829,-1776.99844,0.43384669,557.86072437,-711.4850697,-330.74220153,976.55940467,393.82452637,2170.3891197,-1776.56459331,-93.14122214766542
Colombia,COL,1996Q1,-599.0983725034,-242.348261857473,-435.807662695299,157.605664930673,-1119.6486321255,0.0,-536.8225190791,-453.952493974757,0.0,24.6899603518929,-1300.07405270196,-180.42542057646,-1119.6486321255,-334.0261873866202
Colombia,COL,1996Q2,-386.65548097474,-278.650591523701,-501.606055732541,142.498616480713,-1024.41351175027,0.0,-474.995322672362,-458.399268062691,0.0,-198.416971331557,-1081.07156206661,-56.6580503163401,-1024.41351175027,62.15529650377103
Colombia,COL,1996Q3,-702.97995197404,-268.764031755695,-529.048484574212,196.163568399538,-1304.62889990441,0.0,-750.974366093606,-643.077573066584,0.0,-32.357116223325,-1375.93805538352,-71.30915547911,-1304.62889990441,51.60575667878127
Colombia,COL,1996Q4,-379.49766710321,-426.695143210983,-595.964423458646,209.60811555003,-1192.5491182228,0.0,-1020.95710507162,-128.534488121371,0.0,-2009.1746311118,-1199.26522430479,-6.71610608199,-1192.5491182228,1949.72623831291
Colombia,COL,1997Q1,-483.16274015301,-334.255694502091,-534.337329779004,150.679737017331,-1201.07602741678,0.0,-1067.17558224215,-598.9987945656,0.0,-142.084120462674,-1543.70444556027,-342.62841814349,-1201.07602741678,264.9693659647142
Colombia,COL,1997Q2,-464.96354062828,-396.458861321363,-649.336396140647,192.559453452231,-1318.19934463806,0.0,-1149.80874220653,28.6612706149524,0.0,-333.456060281867,-1165.11632558347,153.08301905459,-1318.19934463806,289.5535786256147
Colombia,COL,1997Q3,-762.14591835736,-364.733448729803,-580.829693902611,185.635895603572,-1522.07316538621,0.0,-1379.65585897868,-863.090474664352,0.0,364.819616777013,-1878.43271679605,-356.35955140984,-1522.07316538621,-0.6183392974447979
Colombia,COL,1997Q4,-867.82834947283,-464.534949571574,-561.251608999261,184.449517129994,-1709.16539091368,0.0,-1156.16015738033,500.760613673186,-295.0,-496.278679970658,-1722.36784198809,-13.20245107441,-1709.16539091368,-275.9602690022971
Colombia,COL,1998Q1,-1036.01967429025,-362.491737292924,-484.491996182872,171.741053295773,-1711.26235447027,0.0,-470.660900339307,-918.632429310307,4.03e-08,374.605976295545,-1462.27042290451,248.99193156576,-1711.26235447027,-447.4068951848206
Colombia,COL,1998Q2,-702.87146063565,-372.657085901121,-482.079839306505,143.637608855825,-1413.97077698745,0.0,-361.36058832063,-84.394696504014,8.324599,-369.229467039837,-1179.27217922342,234.69859776403,-1413.97077698745,-372.8768693195224
Colombia,COL,1998Q3,-673.21700634925,-395.966500471008,-399.604788429799,209.833771344314,-1258.95452390573,0.0,-628.627623366824,-327.208478999332,15.0,-327.721089722417,-1789.50047932819,-530.54595542246,-1258.95452390573,-521.2751151998448
Colombia,COL,1998Q4,-5.98489191632986,-362.116115013268,-330.530003413908,225.194672127435,-473.436338216064,0.0,-572.178917495754,128.492083880913,15.650717,211.067878575706,-272.454157599686,200.982180616378,-473.436338216064,-56.06210284652847
Colombia,COL,1999Q1,112.44752075098,-298.600383267969,-365.188617001977,365.122024367626,-186.219455151349,0.0,-473.791750444854,88.266659336295,15.9590319840176,-24.417625835958,-225.195964220473,-38.976509069124,-186.219455151349,175.4011388932235
Colombia,COL,1999Q2,448.65861719077,-309.184531935858,-268.805207916988,420.050389616753,290.71926695467,0.0,-508.267740875656,-253.439673318794,-158.302363343768,1629.70601728851,496.755343470292,206.036076515622,290.71926695467,-216.9149431919682
Colombia,COL,1999Q3,699.4684305791,-295.270000887757,-383.517409569447,299.171887678597,319.852907800492,0.0,-151.899489329228,95.7030037305398,17.0201586008143,377.735114109655,-124.731917008219,-444.584824808711,319.852907800492,-463.5159257873031
Colombia,COL,1999Q4,539.47443869146,-325.417979362077,-337.711476853457,370.284712551606,246.629695027535,0.0,-258.412122556156,694.279604287767,24.507855,-563.685459766454,89.966644045157,-156.663050982378,246.629695027535,193.1123990649642
Colombia,COL,2000Q1,582.56818796505,-322.396742340902,-610.037413013319,441.024564576619,91.1585971874483,0.0,-339.947912002934,-361.804472229164,24.923932,769.190989890338,304.80917366824,213.650576480792,91.1585971874483,213.9589512585182
Colombia,COL,2000Q2,584.682722506126,-316.51715232802,-564.115930236413,373.444487531119,77.4941274728121,0.0,-455.422079266425,351.074992162067,31.3781239853618,145.462288105601,173.673065146605,96.1789376737925,77.4941274728121,99.52188357257542
Colombia,COL,2000Q3,827.42804377575,-343.324283974807,-536.981929547533,416.272317757363,363.394148010773,0.0,-766.805174791516,390.236463878261,32.6708751691434,386.661774744826,359.828359080716,-3.56578893005695,363.394148010773,316.9809815739851
Colombia,COL,2000Q4,707.516674679718,-391.290536430761,-445.306550417482,442.437622550049,313.357210381524,0.0,-548.938229417686,-554.19768672942,32.98539484414,865.913630360869,11.3462352179027,-302.010975163621,313.357210381524,215.5211690235155
Colombia,COL,2001Q1,69.0841575247346,-357.286178608942,-653.405767897045,464.071914070717,-477.535874910537,0.0,-517.917695121436,-204.521522337511,32.3342894532498,-62.6067039880177,-429.734178903714,47.8016960068222,-477.535874910537,323.0017957566815
Colombia,COL,2001Q2,56.0664668479253,-385.456823751066,-632.495496076629,670.970359750594,-290.915493229175,0.0,-978.792775208356,-1058.72732465317,33.4430690313517,1527.58412198192,-409.258740668253,-118.343247439077,-290.915493229175,67.52355228470178
Colombia,COL,2001Q3,372.037782315179,-409.130154786755,-576.817895537084,591.130552546994,-22.779715461666,0.0,-461.421314026713,275.081895723703,32.9265656262944,-243.416666986904,-197.82398431362,-175.044268851954,-22.779715461666,199.0300207688683
Colombia,COL,2001Q4,133.552828413448,-449.406449203999,-561.060811419295,627.830763871564,-249.083668338282,0.0,-567.691376960885,-139.200136174894,33.8792305640774,-131.696195932887,-191.407343534589,57.6763248036928,-249.083668338282,612.4623340709817
Colombia,COL,2002Q1,256.268686959269,-372.759932982548,-698.74884244001,579.644610968539,-235.595477494749,0.0,-839.121909192127,1255.00238616813,37.3261495064721,-648.803809045893,-92.865756483416,142.729721011333,-235.595477494749,102.9400213551647
Colombia,COL,2002Q2,75.266412297397,-378.95958231517,-675.43068862597,630.308541584671,-348.815317059072,0.0,-559.635321106213,487.709216275946,35.2518428362546,-486.862869298844,-261.282463342858,87.5328537162148,-348.815317059072,261.9585713084964
Colombia,COL,2002Q3,23.0629725776266,-435.230505951563,-619.826887902747,726.644555558458,-305.349865718225,0.0,414.328610964564,-648.477553431254,21.6558732610924,70.7266615535536,-386.415499302043,-81.0656335838172,-305.349865718225,-244.6348799252546
Colombia,COL,2002Q4,-12.0086865931112,-469.267891612988,-637.3638494763,719.207311589668,-399.433116092731,0.0,-292.443766715688,-768.404647306009,16.9070732372234,615.092249694449,-425.116879350026,-25.6837632572947,-399.433116092731,3.925861206462911
Colombia,COL,2003Q1,-128.148358867377,-342.194344227948,-865.690558496661,730.613436263923,-605.419825328064,0.0,-270.123308246937,120.981098914618,30.4799895394436,-301.21158650177,-690.041035684648,-84.6212103565839,-605.419825328064,-269.9652810968757
Colombia,COL,2003Q2,266.826029062596,-374.879363440926,-765.936711115873,803.733889048539,-70.2561564456642,0.0,-484.959466259063,925.655590341548,18.4664134279473,-342.633317806764,-81.4845771563292,-11.2284207106651,-70.2561564456642,-198.1023496019116
Colombia,COL,2003Q3,410.490258898,-427.972640427253,-813.566254596842,890.40941565016,59.3607795240645,0.0,-532.110595013527,447.902103809563,22.5149881643321,-217.660835168792,40.4268796615744,-18.9338998624901,59.3607795240645,319.9430604846528
Colombia,COL,2003Q4,53.6514259418582,-490.504237659944,-742.577212358267,883.74760397007,-295.682420106282,0.0,504.387064331396,-139.338454410389,29.497154721341,-454.713507862277,-109.475329929927,186.207090176355,-295.682420106282,-49.37230050395273
Colombia,COL,2004Q1,109.607306833918,-393.197627904857,-1119.21006835019,811.656731940502,-591.143657480628,0.0,-632.975673745417,165.994095890363,30.5831635624116,-426.223856421909,-445.575389854552,145.568267626076,-591.143657480628,417.0955992362487
Colombia,COL,2004Q2,291.045213074052,-465.218727538894,-925.644450862673,889.595716604864,-210.22224872265,0.0,-725.429350683879,631.730565411538,15.8507059184208,-303.467517096276,-1.67371015019643,208.548538572453,-210.22224872265,379.4907390394083
Colombia,COL,2004Q3,634.738427072494,-458.438749726102,-997.851090852056,940.847585923873,119.296172418208,0.0,-858.222155301012,129.737136281645,46.9417260918964,275.996077219778,77.5084882723087,-41.7876841458998,119.296172418208,482.8380020645078
Colombia,COL,2004Q4,321.051898854254,-522.721426482688,-972.966613615954,1082.15933213362,-92.4768091107674,0.0,-706.559606860273,-1157.0035356189,95.6620304485071,239.055275050803,-345.39003199986,-252.913222889092,-92.4768091107674,1183.194671452293
Colombia,COL,2005Q1,436.170063964085,-574.218076964579,-1305.39556928315,891.935721762209,-551.507860521435,0.0,-853.972246034921,-143.517399697458,23.1183694487623,1168.2236952821,-335.133188901519,216.374671619915,-551.507860521435,-528.982798216869
Colombia,COL,2005Q2,560.871277594036,-572.190395811628,-1318.25403822378,1044.30910252824,-285.264053913136,0.0,-1593.04238485338,817.238309172563,28.8031146645359,-441.480026066037,-198.921014452318,86.343039460818,-285.264053913136,989.3446499729118
Colombia,COL,2005Q3,269.734252778739,-682.099190919332,-1498.86817832855,1033.89559555482,-877.337520914322,0.0,-911.590577885245,-159.135796711893,5.84944519438655,-888.67529867018,-693.966317762931,183.371203151391,-877.337520914322,1259.389663641264
Colombia,COL,2005Q4,347.520848400531,-476.403226133089,-1216.50615775669,1111.75444743131,-233.634088057936,0.0,-2081.30066230401,969.061903000278,3.695,825.352393010399,-279.235005863331,-45.6009178053949,-233.634088057936,3.828182423622527
Colombia,COL,2006Q1,212.474323663712,-413.985968414944,-1518.26147154638,1050.43267212132,-669.340444176291,0.0,-952.070408598559,685.96690377612,0.81,-594.157552335093,-643.768958497532,25.5714856787591,-669.340444176291,215.5181408203009
Colombia,COL,2006Q2,190.32677903878,-627.111943035381,-1478.69214145799,1208.0960610284,-707.381244426198,0.0,-1509.28348581289,2167.67972305667,0.785,-395.243494720113,-614.640164856335,92.7410795698626,-707.381244426198,-879.1143423380275
Colombia,COL,2006Q3,46.6603388953627,-699.775206213454,-1325.1821155542,1203.2803574597,-775.016625412587,0.0,-963.629078425415,-864.22963647651,3.0,868.669466844782,-528.780058497143,246.236566915444,-775.016625412587,427.1078917234118
Colombia,COL,2006Q4,-93.2335493104883,-566.899245726364,-1431.52346256959,1252.38276851088,-839.273489095559,0.0,-2057.88563567191,172.047476371584,4.0,546.201452878729,-1076.42553362159,-237.152044526034,-839.273489095559,259.1062502537605
Colombia,COL,2007Q1,-753.880296198146,-601.726938471298,-1919.12425958685,1183.40299696962,-2091.32849728667,0.0,-2323.04391530528,-131.480445010405,0.0,-2793.53171384202,-1819.06074184771,272.267755438963,-2091.32849728667,3432.845974599742
Colombia,COL,2007Q2,-63.1833047697646,-650.650659580697,-1867.62290569603,1127.82060676004,-1453.63626328646,0.0,-2061.29793546667,-382.305274287508,0.0,124.689737389023,-1310.69801809516,142.9382451913,-1453.63626328646,1011.749098528562
Colombia,COL,2007Q3,-148.93581289478,-799.525203733757,-1836.07328669282,1321.68067317219,-1462.85363014917,0.0,-1977.25573095708,26.007039296956,0.0,298.93844227141,-1555.26917137871,-92.4155412295453,-1462.85363014917,101.2177632491538
Colombia,COL,2007Q4,405.479808363885,-829.04960972673,-2238.21190590776,1519.98654074385,-1141.79516652676,0.0,-1245.3704250439,673.293839614831,0.0,-534.903056410146,-969.552424809215,172.242741717544,-1141.79516652676,142.0097661429081
Colombia,COL,2008Q1,454.308543459256,-631.480405463343,-2427.73726741479,1292.61997202168,-1312.28915739719,0.0,-2122.37817635884,661.151236997437,-315.074415089512,-451.106163936954,-1555.95318614787,-243.664028750679,-1312.28915739719,678.1387608054159
Colombia,COL,2008Q2,1117.79902720485,-821.137915313033,-2814.84945367016,1360.84157041681,-1157.34677136153,0.0,-1571.33760014235,79.2663783942356,-307.368859258504,-397.945755761973,-1269.5204333386,-112.17366197707,-1157.34677136153,930.7197071230744
Colombia,COL,2008Q3,304.907017616655,-954.242868613153,-2477.72847757004,1465.98876287498,-1661.07556569156,0.0,-1564.92069082274,-90.7355711287574,362.037549618253,-1673.70230109882,-1525.71013234206,135.365433349493,-1661.07556569156,1444.74522485705
Colombia,COL,2008Q4,-912.43401470258,-860.116928586332,-1929.17928493653,1335.17098599528,-2366.55924223017,0.0,-2220.3949604688,361.87759408703,217.400856349454,-442.804789912011,-2570.57292616433,-204.013683934162,-2366.55924223017,-482.1609841033057
Colombia,COL,2009Q1,297.849730222726,-648.04343407123,-1782.63174920019,1200.64866254584,-932.176790502857,0.0,-827.9679034831,-2041.80966564653,183.160547617896,1852.21680589359,-750.290371768154,181.886418734704,-932.176790502857,84.86140210426743
Colombia,COL,2009Q2,851.317473881776,-722.933753570155,-1974.08149769498,1084.778751286,-760.919026097352,0.0,-1914.18131687211,-1045.72787339505,-261.838836025956,2253.64245207987,-1176.96984252324,-416.050816425886,-760.919026097352,-208.8808951528698
Colombia,COL,2009Q3,510.266218408475,-804.081750177553,-2064.25010796088,1061.79682048619,-1296.26881924377,0.0,-1988.15849887733,1415.383761231,-269.304247081032,-1958.55160921992,-1545.38057466729,-249.111755423523,-1296.26881924377,1248.396842542851
Colombia,COL,2009Q4,889.826256503156,-1179.92846768697,-2364.5533716574,1211.01479918428,-1443.64078365693,0.0,200.219445118094,-1924.27289581027,-121.575185489968,22.8949124287222,-1505.36857208343,-61.7277884264963,-1443.64078365693,316.7198601120725
Colombia,COL,2010Q1,1108.42254624562,-850.457353492251,-2494.83922683245,976.05376854214,-1260.82026553694,0.0,-859.134778327501,2160.08244138153,-156.328526198264,-2531.57354370918,-1019.31755776343,241.502707773513,-1260.82026553694,367.7417952210186
Colombia,COL,2010Q2,1287.77292099326,-1062.79798772718,-2790.67257399864,1159.94289784947,-1405.75474288309,0.0,-1277.19221870459,-741.633700791936,-22.7837714467857,-512.523287527569,-1425.68045521088,-19.9257123277825,-1405.75474288309,1116.132819730833
Colombia,COL,2010Q3,-257.018425381775,-1268.07847400806,-2856.22862024701,1170.97654557904,-3210.34897405779,0.0,2320.53659860642,-789.410501651821,-122.161106577888,-5436.94976606348,-3587.74696999676,-377.397995938969,-3210.34897405779,440.0927498020605
Colombia,COL,2010Q4,216.905684323796,-1420.89912474,-2854.54954745459,1352.45532284669,-2706.08766502411,0.0,-1131.54043286846,-541.068889211303,24.6913356365549,-2844.54580171704,-3299.06206717026,-592.974402146147,-2706.08766502411,1193.255356737118
Colombia,COL,2011Q1,1269.27418045467,-1262.68770590818,-3162.32636087682,1152.77466531905,-2002.96522101127,0.0,-1600.93944108288,332.897186164511,-52.4921056575982,-1296.70719494393,-1411.14072524989,591.824495761385,-2002.96522101127,1205.911333495935
Colombia,COL,2011Q2,2041.13767043292,-1421.59017050488,-3512.9762827044,1167.31822755828,-1726.11055521808,0.0,-2691.58534483186,-456.73956282304,-57.7935655304068,406.729973645738,-1575.63019404957,150.480361168512,-1726.11055521808,1223.584867808323
Colombia,COL,2011Q3,1050.19432474516,-1400.99630754565,-4070.56215550326,1390.51761815066,-3030.84652015308,0.0,-1091.63579231291,-2571.17167455938,8.72562708873094,-220.529641958805,-2552.02630433237,478.820215820718,-3030.84652015308,1322.781800262893
Colombia,COL,2011Q4,1776.03973070052,-1523.7983522343,-4567.26826169442,1340.44986006626,-2974.57702316194,0.0,-843.06259548191,-3475.76436121651,137.592161145534,1028.8762411429,-3168.52144153999,-193.944418378049,-2974.57702316194,-15.68537201552255
Colombia,COL,2012Q1,2265.16872022643,-1360.09565476781,-3897.03152928042,1153.69774253728,-1838.26072128452,0.0,-3574.29796929716,1884.54131779009,-273.786673497186,-416.733290770658,-1549.3214327749,288.939288509619,-1838.26072128452,831.1263325254477
Colombia,COL,2012Q2,901.810344185988,-1722.05589819518,-3658.11289651637,1242.90036238699,-3235.45808813858,0.0,-3815.89455547604,-2663.10377693764,-125.360029537369,2045.92887080437,-3193.24418346669,42.2139046718848,-3235.45808813858,1365.310945256096
Colombia,COL,2012Q3,403.514235098959,-1744.77474410286,-3418.05625737483,1163.07509247274,-3596.24167390599,0.0,-3142.62588205681,-3301.39512811063,-56.2690889124184,1541.81452885995,-3520.57326885991,75.6684050460831,-3596.24167390599,1438.033694936149
Colombia,COL,2012Q4,1385.08088013166,-1593.64025172929,-4034.47193457361,1272.99285974725,-2970.03844642398,0.0,-5113.3628248514,-689.39490812931,-58.4116586912571,884.524755978436,-3289.74590116353,-319.70745473955,-2970.03844642398,1686.918024322657
Colombia,COL,2013Q1,750.723374482845,-1578.41037076469,-3663.82215005898,1052.35148766679,-3439.15765867403,0.0,-3281.681738713,-2271.40344767853,-21.7168050281994,410.650940108557,-3094.64663685117,344.511021822858,-3439.15765867403,2069.485464479099
Colombia,COL,2013Q2,1450.377718637,-1532.26191009158,-3394.47261029538,1270.41298004555,-2205.94382170442,0.0,-2962.53586701519,-1099.74144571354,140.028241924204,-15.1528353174947,-1892.88310364202,313.060718062403,-2205.94382170442,2044.482701191641
Colombia,COL,2013Q3,254.836647975617,-1719.32324835595,-3428.68096548482,1296.9485925913,-3596.21897327385,0.0,-2758.66043304016,-2172.40560499437,-18.7963947479849,-517.221723199474,-3429.59326010198,166.625713171868,-3596.21897327385,2037.336399371948
Colombia,COL,2013Q4,723.286583127578,-1599.72665259776,-3514.54392870014,1267.17670980253,-3123.80728836779,0.0,444.539625936745,-1894.44775051248,18.4756699613151,-2680.59138261542,-3322.49030166985,-198.683013302052,-3123.80728836779,789.4718281307436
Colombia,COL,2014Q1,-282.238101199644,-1682.96053813654,-3209.1211241263,1049.60864548615,-4124.71111797634,0.0,-2895.03083685392,-2872.58502378618,196.064273442726,736.494260157693,-4158.15046087967,-33.4393429033335,-4124.71111797634,676.8761527111332
Colombia,COL,2014Q2,-239.791265049045,-1822.93498736628,-3167.28742899686,1040.72956224546,-4189.28411916673,0.0,-3469.52773788648,-2054.80122764879,-249.949290044108,716.783416886604,-3944.20279496277,245.081324203956,-4189.28411916673,1113.280765237489
Colombia,COL,2014Q3,-701.375780306167,-2027.31545692536,-3469.0302769177,1164.31602585172,-5033.4054882975,0.0,-3675.06933048453,-4760.04669176148,25.6592294528361,1313.67321071729,-4996.0649000059,37.3405882915995,-5033.4054882975,2099.775741294021
Colombia,COL,2014Q4,-3417.19031587934,-2158.47003123284,-2262.47240528072,1366.98945964298,-6471.14329274991,0.0,-2230.13227547474,-1877.38813999603,636.392654379287,-3268.02494142037,-6193.63766406183,277.50562868808,-6471.14329274991,545.5816836021631
Colombia,COL,2015Q1,-3423.12065826951,-1445.92739509943,-1720.91497520994,1298.03447660855,-5291.92855197034,0.0,-3013.5084553711,-2439.65814547281,601.204604618605,-348.682290118846,-5131.92971287417,159.998839096168,-5291.92855197034,71.65007684178794
Colombia,COL,2015Q2,-2211.27995499972,-1573.81080559705,-1913.73487689213,1272.45197384864,-4426.37366364025,0.0,-2922.3472746628,-1433.93372781198,31.3844446179703,-109.347472738239,-4339.89409881504,86.479564825217,-4426.37366364025,94.37789150833925
Colombia,COL,2015Q3,-3972.72372348741,-1419.0281006823,-1292.82176859564,1628.80093070579,-5055.77266205956,0.0,-200.102261385573,-5077.33005822809,1238.0332035331,-965.000996304372,-4880.41915810493,175.353503954631,-5055.77266205956,123.9822745818674
Colombia,COL,2015Q4,-3871.514653472,-1086.97621735233,-522.083912286272,1552.42237582272,-3928.15240728789,0.0,-1266.83821829098,-139.968934280328,85.1376405518972,-2512.53365009996,-3707.48533083937,220.667076448516,-3928.15240728789,126.7392640890805
Colombia,COL,2016Q1,-2974.94720053814,-995.926661559608,-1034.00556313334,1480.0901391281,-3524.789286103,0.0,-3669.51626547727,-894.963180812187,-28.0856734288596,874.434780174583,-3619.89627116373,-95.1069850607346,-3524.789286103,110.8461934506094
Colombia,COL,2016Q2,-1769.22421925204,-1165.99312312876,-1347.58367871835,1488.38536105259,-2794.41566004655,0.0,-2744.28288227423,-1685.08593915391,-169.294661952361,1515.6305046372,-3243.64123900331,-449.225578956756,-2794.41566004655,-160.5876890367227
Colombia,COL,2016Q3,-2339.88197460482,-1220.10904973217,-1525.11040220904,1483.95766316122,-3601.14376338481,0.0,-1567.0207409215,-1092.61912917281,-97.3957512125722,-853.868739600823,-3525.4179267077,75.7258366771066,-3601.14376338481,85.48928061809673
Colombia,COL,2016Q4,-2091.66243406394,-893.384646530774,-1405.49319113394,1724.32956109663,-2666.21071063202,0.0,-1359.76591210368,-1272.5789845459,-326.550117147402,872.134465913746,-1950.41828129324,715.792429338782,-2666.21071063202,136.1517522503339
Colombia,COL,2017Q1,-1727.29183416856,-1002.37150026539,-2286.45209030626,1526.595327848,-3489.5200968922,0.0,-1742.6601611129,181.839851830508,114.460753178995,-1632.88370137357,-2986.42446809696,503.095628795242,-3489.5200968922,92.6392631382944
Colombia,COL,2017Q2,-1462.75218430852,-1088.64125341403,-1558.00318066158,1683.84191511879,-2425.55470326533,0.0,-1217.40215705332,-2178.4286241064,238.453411836132,386.838636736401,-2624.60451320719,-199.049809941867,-2425.55470326533,145.5421206424268
Colombia,COL,2017Q3,-998.753799691953,-1327.24470487594,-1993.48967778779,1758.84169036423,-2560.64649199146,0.0,-4112.12730290196,-423.82692093421,-29.4804133675875,2060.50860122123,-2379.37917973953,181.267312251933,-2560.64649199146,125.4829985519195
Colombia,COL,2017Q4,-95.7649841776929,-1058.6886665138,-2208.25717832775,1914.07371293622,-1448.63711608303,0.0,-2939.12674958762,620.493816973935,41.8982610383845,469.721866413904,-1634.50787725329,-185.870761170264,-1448.63711608303,172.2125766222837
Colombia,COL,2018Q1,-1121.67906011117,-717.926803033629,-2922.22921284135,1739.28562930383,-3022.54944668232,0.0,-910.347935482278,1714.603192678,-370.831232252357,-3446.57595413009,-2876.33810994673,146.211336735594,-3022.54944668232,136.4253015038147
Colombia,COL,2018Q2,-1350.33192437082,-1206.95069670912,-2783.7335100764,1870.08912012279,-3470.92701103356,0.0,-2272.58901479645,349.955877597058,140.992306697472,-1079.6981604886,-2718.50262232931,752.424388704255,-3470.92701103356,142.5378447444727
Colombia,COL,2018Q3,-1410.78474055156,-1261.15004277399,-2769.12451926939,2035.04386001404,-3406.01544258091,0.0,-2374.70558655633,482.029149829517,151.753500729063,-1915.03619194787,-3487.12219089562,-81.1067483147149,-3406.01544258091,168.6755570554428
Colombia,COL,2018Q4,-2511.15919418117,-976.209524160604,-2967.08018167144,2312.99218536215,-4141.45671465106,0.0,-614.732516041226,-1684.26292117785,99.3491164566654,-2403.86231642628,-3871.89073563868,269.56597901238,-4141.45671465106,731.4582153684447
Colombia,COL,2019Q1,-2310.41189745429,-827.094743986009,-2614.60559373934,1931.7589084611,-3820.35332671854,0.0,-2652.30738779806,-1381.96981444379,-91.3501294941659,-1745.03383234868,-3519.74567045471,300.607656263837,-3820.35332671854,2350.688769899728
Colombia,COL,2019Q2,-1755.32949657161,-1242.47228009854,-2502.18017154937,2281.06012111772,-3218.9218271018,0.0,-3625.59564995583,-282.210071797199,201.984038246882,-138.208584826097,-3333.10273024224,-114.180903140439,-3218.9218271018,510.5482593258604
Colombia,COL,2019Q3,-3039.12089597119,-1366.91786199773,-2301.05074216705,2404.44542760747,-4302.6440725285,0.0,-1677.6949918801,137.169065945654,189.571964818452,-2642.34430173282,-3739.6584186988,562.985653829701,-4302.6440725285,254.1716909637891
Colombia,COL,2019Q4,-2757.90701139178,-848.908256863186,-2298.06393103489,2438.13634803216,-3466.7428512577,0.0,-2880.05951004038,1551.08057841651,-216.206116229403,-1362.77978750849,-2705.81994030177,760.922910955926,-3466.7428512577,202.5892522884462
Colombia,COL,2020Q1,-2244.41245277489,-853.939061282609,-1369.44748073365,2172.60041083585,-2295.1985839553,0.0,-1924.09637235346,-167.565264218607,148.999826650347,378.575905088254,-1735.26406960347,559.934514351828,-2295.1985839553,-171.0356959175214
Colombia,COL,2020Q2,-1549.53456859045,-1101.47512921313,-1028.67435685908,1717.61365939584,-1962.07039526682,0.0,-1724.83421371156,-3429.20909489684,-130.026814195927,775.537300493578,-1937.50926312075,24.5611321460701,-1962.07039526682,2572.747615695447
Colombia,COL,2020Q3,-2204.18208563342,-1058.85728493843,-1171.93617520366,2422.43091803774,-2012.54462773777,0.0,-258.415703396024,322.734725131261,28.7362690815626,-2155.24123335592,-1857.04795608912,155.496671648645,-2012.54462773777,204.9996608574978
Colombia,COL,2020Q4,-2871.65895521265,-1220.6916168321,-1379.82337452527,2475.17777393301,-2996.99617263701,0.0,-1817.83007192885,1505.93434192034,-560.925582331943,-3415.55405035622,-2583.64275256666,413.353420070343,-2996.99617263701,-3686.192851484933
Colombia,COL,2021Q1,-2587.52059453129,-1100.54834498543,-1867.19695840384,2450.17258799574,-3105.09330992483,0.0,-1438.1447735618,1318.8280556228,-320.862800186961,-2538.96201923558,-2789.01385036154,316.079459563283,-3105.09330992483,190.2198481993464
Colombia,COL,2021Q2,-3548.13947609093,-1473.57111967101,-1652.06710628304,2626.54425988402,-4047.23344216097,0.0,-1012.61758703364,-6089.38467520301,181.653673919963,3015.58725246464,-3760.56813760204,286.665304558926,-4047.23344216097,144.1388318979424
Colombia,COL,2021Q3,-3692.52011143148,-1566.14331248078,-2339.08763368944,2762.9165349503,-4834.8345226514,0.0,-2527.88759391293,850.565863321819,356.060586193633,-3337.00881011582,-4503.8137020633,331.020820588103,-4834.8345226514,160.8307683108811
Colombia,COL,2021Q4,-4155.46110804544,-1876.77509208774,-2864.90720112628,2934.90171168246,-5962.24168957701,0.0,-1401.87154848153,-675.382173181541,148.307633818873,-3845.75759736008,-5639.73123520427,322.510454372735,-5962.24168957701,134.8193152503556
Colombia,COL,2022Q1,-3733.9745189333,-1222.5703571577,-3616.84066892226,3176.49418793256,-5396.89135708071,0.0,-3650.57352115527,1865.91679960947,-377.136078727622,-3001.87722684643,-5036.72385220986,360.167504870849,-5396.89135708071,126.1988866542603
Colombia,COL,2022Q2,-1974.62214050493,-1071.85836203286,-4530.53943081761,2828.69003464859,-4748.3298987068,0.0,-3660.58710629051,-759.030315063432,36.1698232739939,-642.401417013721,-4951.77045401368,-203.440555306873,-4748.3298987068,71.04859862621787
Colombia,COL,2022Q3,-3684.46721510135,-733.791411999316,-4794.74341176947,3103.66506368687,-6109.33697518326,0.0,-2958.9113552081,-233.035385639522,487.337173061225,-3190.53313128864,-5735.75904026504,373.577934918221,-6109.33697518326,153.3026043841733
Colombia,COL,2022Q4,-2785.1851054437,-887.35676368485,-4144.20646224564,3192.61667251876,-4624.13165885543,0.0,-3528.64864209549,-446.849726679065,676.969653037703,-1653.3628658661,-4741.40908191295,-117.27742305752,-4624.13165885543,202.9578481082454
Colombia,COL,2023Q1,-1917.44673626369,-257.189119187709,-3727.09181234413,3094.40838560353,-2807.319282192,0.0,-3600.41362524485,1111.28096028491,-248.370053146216,-217.109347532354,-2590.70799191852,216.611290273483,-2807.319282192,359.223942129655
Colombia,COL,2023Q2,-1699.25592540104,-355.710186063257,-3056.08407118778,3029.1708955523,-2081.87928709979,0.0,-5441.74192467592,1519.80787427816,-756.288996385987,1579.98649164457,-2699.14719657917,-617.267909479386,-2081.87928709979,396.0796389745176
Colombia,COL,2023Q3,-1352.98207122315,-50.0228036497981,-3507.71650304565,3364.78790633765,-1545.93347158094,0.0,-3334.71057643546,4527.32948612243,-690.523629563858,-2335.79945607227,-1376.23222783917,169.701243741776,-1545.93347158094,456.0398595792928
Colombia,COL,2023Q4,-1837.87322255343,-315.230904208872,-3141.36575128165,3433.67910296777,-1860.79077507619,0.0,-3148.0398938478,1504.30734116741,-879.405445809596,844.612545844771,-1182.41892592517,678.371849151018,-1860.79077507619,495.1138699124708
Colombia,COL,2024Q1,-2105.21886809779,174.683430389862,-3345.32853668834,3331.07066156718,-1944.79331282909,0.0,-2527.15987092745,1415.83713249856,-575.172049880288,-832.58318114361,-1600.9457582628,343.847554566295,-1944.79331282909,1541.993629145592
Colombia,COL,2024Q2,-1967.19716965438,-264.849838680925,-3114.09711667384,3896.76978974693,-1449.37433526221,0.0,-1668.90655011465,-276.250246520298,80.1698232739942,-151.443552688641,-1101.9765801996,347.397755062613,-1449.37433526221,1534.17651479042
Colombia,COL,2024Q3,-2318.07354141471,48.0767157039444,-3375.70900692728,4073.26963152147,-1572.43620111658,0.0,-2482.8102991767,3489.56756986547,281.669823273994,-3431.6962534058,-1097.74662046303,474.689580653548,-1572.43620111658,1675.315900322877
Colombia,COL,2024Q4,-2765.28027451078,-274.713737565672,-3424.85459571413,4206.04493491318,-2258.80367287741,0.0,-3014.03655720974,-2178.04064578779,156.669823273994,2315.11052186841,-2038.33400201512,220.469670862288,-2258.80367287741,1299.874236932868
Colombia,COL,2025Q1,-3088.44669624935,144.982148104921,-3195.68638154473,3848.67209015041,-2290.47883953875,0.0,-2453.58452488949,3042.06895025306,-422.282894968516,-2534.45252528006,-1834.76777676501,455.711062773745,-2290.47883953875,1148.25881437508
Mexico,MEX,1990Q1,-281.0,581.0,-3278.0,788.0,-2190.0,0.0,-561.0,5819.0,0.0,-6132.0,-2853.0,-663.0,-2190.0,-3057.929315007821
Mexico,MEX,1990Q2,-1784.0,435.0,-1024.0,714.0,-1659.0,0.0,-616.0,-798.0,0.0,-2742.0,-2125.0,-466.0,-1659.0,1904.883723505789
Mexico,MEX,1990Q3,-1229.0,121.0,-1525.0,855.0,-1778.0,0.0,-579.0,-663.0,0.0,-16.0,-209.0,1569.0,-1778.0,1053.575455189933
Mexico,MEX,1990Q4,-1139.0,186.0,-2489.0,1618.0,-1824.0,0.0,-878.0,-373.0,0.0,-622.0,318.0,2142.0,-1824.0,2317.694720495993
Mexico,MEX,1991Q1,-1671.0,505.0,-1607.0,566.0,-2207.0,0.0,-1649.0,-2951.0,0.0,-3220.0,-5786.0,-3579.0,-2207.0,2341.787430670196
Mexico,MEX,1991Q2,-2528.0,656.0,-2828.0,786.0,-3914.0,0.0,-1147.0,-4152.0,0.0,-1101.0,-3930.0,-16.0,-3914.0,2137.454026983932
Mexico,MEX,1991Q3,-3117.0,188.0,-2048.0,727.0,-4250.0,0.0,-702.0,-2181.0,0.0,-331.0,-820.0,3430.0,-4250.0,2309.54440862367
Mexico,MEX,1991Q4,-4013.0,611.0,-1782.0,667.0,-4517.0,0.0,-1264.0,-2854.0,0.0,-3387.0,-6250.0,-1733.0,-4517.0,1184.261961084052
Mexico,MEX,1992Q1,-4240.0,556.0,-2209.0,742.0,-5151.0,0.0,-1042.0,-3636.0,0.0,-1043.0,-4973.0,178.0,-5151.0,960.6479103820924
Mexico,MEX,1992Q2,-5166.0,552.0,-2213.0,930.0,-5897.0,0.0,-1180.0,-3799.0,0.0,-2154.0,-6677.0,-780.0,-5897.0,323.0581657876654
Mexico,MEX,1992Q3,-5236.0,153.0,-2682.0,909.0,-6856.0,0.0,-1275.0,-5868.0,0.0,704.0,-6226.0,630.0,-6856.0,464.6427607434337
Mexico,MEX,1992Q4,-6035.0,798.0,-2105.0,804.0,-6538.0,0.0,-896.0,-5903.0,0.0,-487.0,-7536.0,-998.0,-6538.0,-3.2206978650157
Mexico,MEX,1993Q1,-4630.0,713.0,-2523.0,779.0,-5661.0,0.0,-1164.0,-6323.0,0.0,-1840.0,-7027.0,-1366.0,-5661.0,2532.669657513076
Mexico,MEX,1993Q2,-4757.0,812.0,-2773.0,976.0,-5742.0,0.0,-954.0,-6059.0,0.0,-108.0,-5470.0,272.0,-5742.0,1895.222087848276
Mexico,MEX,1993Q3,-4706.0,367.0,-3199.0,969.0,-6569.0,0.0,-550.0,-6828.0,0.0,398.0,-6895.0,-326.0,-6569.0,451.6672953672374
Mexico,MEX,1993Q4,-4800.0,991.0,-2535.0,916.0,-5428.0,0.0,-1721.0,-9145.0,0.0,1709.0,-7133.0,-1705.0,-5428.0,2352.09626322885
Mexico,MEX,1994Q1,-5466.78,872.9,-2999.49,811.87,-6781.5,0.0,-3152.0,-7982.89,0.0,-288.37,-11311.76,-4530.26,-6781.5,483.7158949439693
Mexico,MEX,1994Q2,-5997.55,810.15,-3315.74,1027.17,-7475.97,0.0,-3283.38,-1539.95,0.0,2096.42,-11377.41,-3901.44,-7475.97,-8305.346693460415
Mexico,MEX,1994Q3,-6318.49,628.61,-3266.8,1048.31,-7908.37,0.0,-2813.92,-3256.63,0.0,1924.98,-4004.37,3904.0,-7908.37,430.4256200618629
Mexico,MEX,1994Q4,-6484.02,770.04,-2676.78,894.49,-7496.27,0.0,-1723.2,5364.03,0.0,71.14,-6279.53,1216.74,-7496.27,-9807.632591062418
Mexico,MEX,1995Q1,-483.93,1236.43,-2980.91,873.8,-1354.61,0.0,-1982.82,7517.21,0.0,-9453.93,-3218.24,-1863.63,-1354.61,-11998.11891668823
Mexico,MEX,1995Q2,1342.51,1411.38,-3480.29,1082.87,356.47,0.0,-2913.6,3998.11,0.0,-3264.5,1052.31,695.84,356.47,-1484.113842259265
Mexico,MEX,1995Q3,915.15,1010.44,-3450.36,1074.41,-450.36,0.0,-2254.72,414.0,0.0,-2718.92,57.26,507.62,-450.36,-2232.029995385434
Mexico,MEX,1995Q4,390.36,1330.37,-2777.53,928.86,-127.94,0.0,-2375.15,-1552.45,0.0,-818.92,-3704.22,-3576.28,-127.94,-597.205323979872
Mexico,MEX,1996Q1,477.4,1869.245,-3511.495,1001.2,-163.650000000004,0.0,-2027.7,-1302.8,0.0,4083.3,502.8,666.450000000004,-163.650000000004,2306.878269803292
Mexico,MEX,1996Q2,579.3,1590.906,-3145.879,1230.7,255.027000000004,0.0,-1780.0,-2913.2,0.0,3584.6,-1197.4,-1452.427,255.027000000004,1075.687049639413
Mexico,MEX,1996Q3,-280.1,1416.531,-3192.134,1191.3,-864.403000000004,0.0,-2004.4,-9007.2,0.0,9940.4,-893.9,-29.4969999999962,-864.403000000004,8252.624674818771
Mexico,MEX,1996Q4,-952.4,1735.003,-3625.624,1108.3,-1734.721,0.0,-3373.5,-739.0,0.0,1470.3,-712.5,1022.221,-1734.721,-638.400846768562
Mexico,MEX,1997Q1,-464.7,2232.156,-3139.466,1152.3,-219.709999999996,0.0,-2109.3,-2549.7,0.0,2486.6,319.8,539.509999999996,-219.709999999996,9530.021248025749
Mexico,MEX,1997Q2,-1635.9,1898.511,-2909.772,1463.3,-1183.861,0.0,-2594.5,-6652.5,0.0,7620.5,102.3,1286.161,-1183.861,4175.859272358402
Mexico,MEX,1997Q3,-2721.4,1851.512,-3114.14,1394.1,-2589.928,0.0,-5595.1,3327.0,0.0,-3426.6,-2983.0,-393.071999999996,-2589.928,2370.06323068269
Mexico,MEX,1997Q4,-3790.4,1823.025,-2942.263,1238.2,-3671.438,0.0,-2530.9,1545.8,0.0,-5284.0,-2708.1,963.338,-3671.438,3086.252313426214
Mexico,MEX,1998Q1,-1731.24911,166.08711,-2992.607,1278.14,-3279.629,0.0,-2643.624146,-2874.434627,0.0,-254.498,-4462.063773,-1182.434773,-3279.629,1308.251876300047
Mexico,MEX,1998Q2,-1143.365704,-582.470296,-3228.1,1561.326,-3392.61,0.0,-3504.528333,651.179159,0.0,984.558,-1310.836174,2081.773826,-3392.61,551.629994957585
Mexico,MEX,1998Q3,-2446.684079,-447.642921,-3366.681,1546.898,-4714.11,0.0,-3295.07358,2310.812503,0.0,-1322.939,-3695.974077,1018.135923,-4714.11,-983.6498902909856
Mexico,MEX,1998Q4,-2479.314229,-516.063771,-3236.94100000001,1626.01,-4606.309,0.0,-3313.538499,-988.160739,0.0,-5698.929,-7467.653238,-2861.344238,-4606.309,3169.246338753681
Mexico,MEX,1999Q1,-1183.22381,-217.97419,-3621.63773,1361.754,-3661.08173,0.0,-3576.998337,-1979.071335,0.0,6101.638,35.708327999997,3696.790058,-3661.08173,119.7976691124095
Mexico,MEX,1999Q2,-972.762165,-557.488835,-3000.307866,1657.055,-2873.503866,0.0,-3397.198406,-4814.598057,0.0,3098.976,-5060.305463,-2186.801597,-2873.503866,1441.170079251888
Mexico,MEX,1999Q3,-962.404198000023,-1110.287802,-2719.40707,1629.15574,-3162.94333,0.0,-3027.870833,-2765.017011,0.0,605.94,-3945.513844,-782.570514,-3162.94333,1337.368506810594
Mexico,MEX,1999Q4,-2472.68022099997,-873.499779000003,-2621.05044600001,1665.024442,-4302.206004,0.0,-3938.975656,-1021.579344,0.0,700.211,-5082.865,-780.658996,-4302.206004,719.2549591210441
Mexico,MEX,2000Q1,-1194.860939,-353.828079,-4934.479819,1504.390727,-4978.77811,0.0,-4562.466901,-4632.068051,0.0,-1055.368,-5643.644952,-664.866842,-4978.77811,4896.714118999288
Mexico,MEX,2000Q2,-1453.527154,-957.334817,-2824.761509,1739.128887,-3496.494593,0.0,-4895.607105,-437.879627,0.0,3936.543,-4773.885732,-1277.391139,-3496.494593,-2767.855068402764
Mexico,MEX,2000Q3,-2110.783275,-1221.806725,-2528.29423,1838.245596,-4022.638634,0.0,-3056.358241,-1680.197397,0.0,670.214,-2939.396638,1083.241996,-4022.638634,4539.916489240236
Mexico,MEX,2000Q4,-3606.11096200001,-1043.51509,-3517.04825,1912.163768,-6254.510534,0.0,-5867.852574,5008.382297,0.0,-4497.294,-3956.422277,2298.088257,-6254.510534,1392.373756993403
Mexico,MEX,2001Q1,-2133.68562,-678.418943,-4096.60853,2123.549421,-4785.163672,0.0,-3452.123399,-4583.11663,0.0,-1165.31,-4480.578029,304.585643,-4785.163672,4725.6832834364
Mexico,MEX,2001Q2,-1782.98349,-1290.445168,-2915.791922,2394.994428,-3594.226152,0.0,-5047.181375,-324.954991,0.0,1055.31,-3801.761366,-207.535214,-3594.226152,513.9354319690314
Mexico,MEX,2001Q3,-1675.263652,-1377.041173,-2740.10641,2465.711298,-3326.699937,0.0,-12859.373182,266.679215,0.0,5551.707,-5001.576967,-1674.87703,-3326.699937,2019.66004032876
Mexico,MEX,2001Q4,-4033.991418,-1137.617021,-3228.594,2353.781252,-6046.421187,0.0,-4297.385367,-368.902315,0.0,-5169.031,-7881.248682,-1834.827495,-6046.421187,1960.108817530831
Mexico,MEX,2002Q1,-1431.944326,-520.406919,-3983.80751,2309.064989,-3627.093766,-22.017,-5122.743778,574.919975000001,0.0,1235.839088,-1868.340069,1780.770697,-3649.110766,1440.136058933754
Mexico,MEX,2002Q2,-1492.58394799999,-1439.292142,-1807.734396,2707.487464,-2032.12302199999,-24.676,-5850.326288,2751.280653,0.0,30.0586469999989,-3769.927258,-1713.12823600002,-2056.79902199999,-704.7846065140225
Mexico,MEX,2002Q3,-1571.39963599999,-1182.674365,-2637.059303,2679.557808,-2711.575496,-24.631,-5688.086977,-758.108511,0.0,2548.547614,-2794.456891,-58.2503950000032,-2736.206496,1097.34842735043
Mexico,MEX,2002Q4,-3139.032399,-1416.955874,-2112.152543,2640.887562,-4027.25325399999,-25.654,-6535.446668,-477.56817,0.0,117.205948,-2931.898756,1121.00849799999,-4052.90725399999,3960.419052269224
Mexico,MEX,2003Q1,-137.159866000002,-709.201784999999,-4158.363918,3304.420496,-1700.30507299999,-19.632,-3600.448786,-3583.924326,0.0,587.443396,-3324.120381,-1604.18330800001,-1719.93707299999,3269.303456900945
Mexico,MEX,2003Q2,-1648.796158,-1255.705112,-1638.837297,4037.180415,-506.158151999996,-20.675,-5067.390342,163.140463,0.0,922.239540999999,-2685.807796,-2158.974644,-526.833151999996,1292.484147629237
Mexico,MEX,2003Q3,-1438.576399,-1448.265473,-1447.554477,4251.239337,-83.1570120000033,-20.6,-1580.561377,2814.243037,0.0,-279.669253999999,517.708066000001,621.465078000005,-103.7570120000033,-442.0050937008572
Mexico,MEX,2003Q4,-2567.283919,-1565.597309,-1668.391307,4058.273114,-1742.999421,-22.135,-6748.104324,-4364.416201,0.0,2931.023541,-4065.2198,-2300.085379,-1765.134421,4112.313365462415
Mexico,MEX,2004Q1,-516.684300000001,-964.138148,-3565.86754,3877.722468,-1168.96752000001,-104.514,-8759.198133,-4176.507807,0.0,7047.09526,-3254.203749,-1980.72222899999,-1273.4815200000098,2630.936453976862
Mexico,MEX,2004Q2,-1128.011544,-1560.447624,-1322.301614,5094.835199,1084.074417,-110.169,-3139.616482,656.06952,0.0,4824.238057,1175.30322,201.397803000003,973.905417,-1169.12535195295
Mexico,MEX,2004Q3,-1961.74234,-1759.623841,-1766.43555,5169.957274,-317.844457000007,-111.523,-1948.00315,1934.188446,0.0,-65.9753449999998,1713.969414,2143.33687100001,-429.367457000007,1788.223766606476
Mexico,MEX,2004Q4,-5236.881135,-1840.61288,-1019.873834,4691.458381,-3405.909468,-119.081,-6736.845701,-2707.246842,0.0,668.743765,-6931.181671,-3406.191203,-3524.990468,1844.803130929612
Mexico,MEX,2005Q1,-1874.076208,-1025.869512,-5168.46474,4640.941427,-3427.46903300001,-149.847,-3093.641884,934.998440999999,0.0,-1121.899831,-3329.068594,248.247439000008,-3577.31603300001,-57.00730965485823
Mexico,MEX,2005Q2,-683.873087999993,-2129.999057,-3250.909054,5892.864104,-171.917094999997,-163.459,-5240.262796,-2962.786913,0.0,4473.485035,-2187.923873,-1852.547778,-335.376094999997,1537.96339582169
Mexico,MEX,2005Q3,-1711.26385600001,-1693.404079,-2450.937678,5925.50115,69.895537000004,-164.438,-4140.475788,2099.995247,0.0,1272.641172,3613.463489,3708.00595199999,-94.54246299999599,4375.499075548136
Mexico,MEX,2005Q4,-3393.29603599999,-2054.003577,-2560.652826,5816.066864,-2191.88557499999,-176.075,-6852.45066,1717.644546,0.0,182.216247,-810.053508000001,1557.90706699999,-2367.9605749999896,4139.101911165306
Mexico,MEX,2006Q1,710.475363999998,-1432.094002,-6593.224826,5892.130343,-1422.71312099999,-152.64684,-7272.373148,6368.542624,0.0,4651.84251,5646.244077,7221.60403799999,-1575.35996099999,1899.439655471743
Mexico,MEX,2006Q2,-195.232418,-2032.629308,-4960.583417,7097.944249,-90.5008939999971,-170.027,-6275.444191,-7778.07395,0.0,5378.03033,218.327975,478.855868999997,-260.5278939999971,8893.7481114428
Mexico,MEX,2006Q3,-2683.833152,-2483.621314,-1720.52656,6785.345434,-102.635591999991,-166.763414,-1421.742455,6227.160286,0.0,-7280.531931,-3963.006079,-3693.60707300001,-269.399005999991,-1488.297301562691
Mexico,MEX,2006Q4,-4143.64416800001,-1730.427946,-2085.156711,6345.372857,-1613.85596800002,-178.982,-483.492515,-3655.304753,0.0,268.881464999997,-11013.565257,-9220.72728899998,-1792.83796800002,-7143.377940596198
Mexico,MEX,2007Q1,-2487.372756,-1136.393448,-7271.86991,6026.883506,-4868.75260800001,-104.36458,-8920.672951,6948.13549,0.0,224.124287,-2234.779229,2738.33795900001,-4973.11718800001,-486.2080853993936
Mexico,MEX,2007Q2,-2360.93270200001,-1869.324004,-4588.05688,7044.724946,-1773.58864,-109.818,-2977.487993,2937.830987,0.0,-2059.709804,-17.1235109999998,1866.283129,-1883.40664,2081.687454037628
Mexico,MEX,2007Q3,-2462.464332,-3457.209856,-2143.323901,7342.468649,-720.529440000013,-101.78708,-3132.827559,-15165.793823,0.0,9935.538109,-4163.401973,-3341.08545299999,-822.316520000013,4200.390887247036
Mexico,MEX,2007Q4,-3000.60979,-1921.514627,-3666.121747,6640.171905,-1948.07425899999,-122.50144,-7657.120516,6072.954538,0.0,-9554.052238,-6118.746612,-4048.17091300001,-2070.57569899999,5021.191418842819
Mexico,MEX,2008Q1,-1728.20499700001,-1235.767893,-7180.676375,6033.786028,-4110.863237,-84.95362,-9020.281996,3336.739695,2.650483,2566.643459,764.643374999998,4960.460232,-4195.816857,3878.788116944843
Mexico,MEX,2008Q2,-952.876450999989,-2538.674255,-5786.661501,7238.665963,-2039.546244,-93.131,-7323.904488,6653.37257,33.866022,-2359.310534,-78.3636980000006,2054.313546,-2132.677244,2917.059122192172
Mexico,MEX,2008Q3,-6542.00391299999,-2992.014202,-912.633459,6790.775274,-3655.87629999999,-81.64597,-5781.77718,-15165.676785,1450.364236,4714.349125,-9915.594235,-6178.07196500001,-3737.52226999999,4867.094338476729
Mexico,MEX,2008Q4,-8391.902406,-2488.10265,-2113.115032,6458.571792,-6534.54829600001,-100.94978,-6939.998383,-12210.488757,34.978416,7935.702294,-14745.114754,-8109.61667799999,-6635.49807600001,-3563.316456776218
Mexico,MEX,2009Q1,-2334.342282,-1386.193752,-3555.739113,5789.534635,-1486.740512,-305.3288,-2075.451117,19575.390971,896.123339,-8418.24718,333.048200000001,2125.11751200001,-1792.069312,-9644.10486543752
Mexico,MEX,2009Q2,396.372848000006,-2203.144679,-4407.122553,5955.364169,-258.530214999992,-321.41,-4778.453481,529.895104,-770.734839,7072.078686,-2153.281433,-1573.34121800001,-579.940214999992,-4205.949206038573
Mexico,MEX,2009Q3,-2868.488188,-3406.564003,-3664.896833,5686.482843,-4253.46618100001,-361.653392,-425.926657,-7157.231921,587.891638,-12989.42686,-13762.558169,-9147.43859599999,-4615.11957300001,6221.33914102648
Mexico,MEX,2009Q4,-119.09253200001,-2898.86513,-3121.545882,5053.699353,-1085.80419100002,-375.3177,-709.238477,3881.338817,-4981.72436,-7882.390069,2425.427086,3886.54897700002,-1461.12189100002,12116.78262147702
Mexico,MEX,2010Q1,324.943922999999,-1225.596755,-3738.575622,5112.620319,473.391865000012,-48.440732,-5523.415772,-9368.791961,-34.712131,4166.162023,-8880.269458,-9305.22059100001,424.95113300001196,1880.471644001922
Mexico,MEX,2010Q2,-49.7427039999893,-2725.170408,-2911.532901,6182.211473,495.76546000001,-42.413,-1745.573862,-7291.784349,-257.877212,-544.753728,-5783.38994,-6236.74240000001,453.35246000001,4056.668882678833
Mexico,MEX,2010Q3,-2222.12912000001,-3485.693317,-165.163883000001,5892.217449,19.2311289999925,-30.118368,-690.669923999999,-13434.99857,806.268335,2467.324584,-3005.082136,-2994.19489699999,-10.8872390000075,7846.525870054468
Mexico,MEX,2010Q4,-995.931639999995,-3244.271116,-5892.621971,5390.49848,-4742.326247,-46.425,-4670.357608,-618.627381000002,182.764373,-12635.488021,-10814.145667,-6025.39442,-4788.751247,6926.923063659548
Mexico,MEX,2011Q1,1995.879161,-2581.179463,-6924.404764,5388.969548,-2120.73551800002,-64.742598,-3622.788006,-15021.834133,57.206248,1029.593572,-10116.069504,-7930.59138799998,-2185.47811600002,7441.287428080393
Mexico,MEX,2011Q2,1304.96307399998,-3632.750663,-5882.470534,6498.834978,-1711.42314500002,-73.060803,-3791.25391,-6935.093187,-207.561898,-7306.943848,-12878.469224,-11093.985276,-1784.48394800002,5361.021862215367
Mexico,MEX,2011Q3,-3852.47475099999,-4871.002756,-2098.727023,6556.248853,-4265.95567699999,-88.639893,-1237.987941,-16016.094949,1083.534322,12970.447484,3758.585346,8113.18091599999,-4354.5955699999895,6959.851769661348
Mexico,MEX,2011Q4,-653.45416400001,-3690.562352,-3992.455819,5890.968909,-2445.503426,-81.655103,-3669.926036,-5354.151818,-208.078873,-3924.683363,-4621.949886,-2094.791357,-2527.1585290000003,8536.879706046928
Mexico,MEX,2012Q1,1813.22593,-2509.191231,-9554.6591,5569.976279,-4680.64812200001,-47.261495,-3620.900586,-21408.31664,-225.163539,2886.707089,-15691.696323,-10963.786706,-4727.909617000009,6676.412485559763
Mexico,MEX,2012Q2,1425.315313,-3112.841679,-6108.917221,6808.270656,-988.172930999994,-39.715747,2532.662898,636.789315999999,-684.826638,8353.395195,17463.834426,18491.723104,-1027.8886779999941,6625.955921120042
Mexico,MEX,2012Q3,-1129.949408,-4650.509543,-3210.896963,5727.818639,-3263.537275,-33.868891,-1790.556067,-23837.979552,960.205805,5288.002198,-18061.589228,-14764.183062,-3297.406166,1319.220837651431
Mexico,MEX,2012Q4,-1817.34969999999,-4599.802284,-7734.832247,5389.18521,-8762.79902099998,-56.223253,3422.002698,-15834.808459,-167.014228,-1935.669928,-11611.884325,-2792.86205100002,-8819.02227399998,2903.706564707124
Mexico,MEX,2013Q1,-1017.82032899999,-2804.841568,-9668.151887,5182.238244,-8308.57553999999,33.539664,-7780.909698,-12662.53704,-11.6125,2684.648967,-12174.167112,-3899.13123600001,-8275.03587599999,5596.048602707872
Mexico,MEX,2013Q2,-821.051238,-4107.767897,-10563.519688,6239.254078,-9253.084745,2200.090613,-18839.605592,1204.217837,-133.307669,15779.44215,-825.842385000003,6227.151747,-7052.994132,1163.646549630939
Mexico,MEX,2013Q3,-914.556376000008,-4463.579025,-6027.356183,5809.471688,-5596.019896,37.327513,-195.609295,-15746.038039,882.838972,3869.286343,-6121.192648,-562.500265000001,-5558.692383,5068.273904043809
Mexico,MEX,2013Q4,1844.18791299999,-3622.119408,-12467.275176,5624.465577,-8620.74109400001,-345.118421,-6082.014187,-17311.174121,33.952563,27.9973569999993,-17370.389669,-8404.53015399999,-8965.85951500001,5961.796108432254
Mexico,MEX,2014Q1,-1200.03392999999,-2756.266741,-10770.820582,5697.9166,-9029.20465300001,-17.509842,-9042.929941,-11131.758116,310.504922,1860.468499,-12954.507713,-3907.793218,-9046.71449500001,5049.168920182381
Mexico,MEX,2014Q2,1082.494513,-3542.963224,-11829.024271,6354.622763,-7934.87021900002,3.63179599999999,-5701.211909,-20174.789018,30.326063,11384.922606,-8055.792249,-124.553825999981,-7931.238423000021,6405.127018270197
Mexico,MEX,2014Q3,-1660.160995,-4077.163108,-3007.319682,6117.050952,-2627.59283299999,-6.67676,-466.911259,-2281.54947,278.420349,630.857742,196.279861,2830.54945399999,-2634.26959299999,2035.854787926235
Mexico,MEX,2014Q4,-1017.52183700001,-3391.849454,-7075.742967,6224.739871,-5260.374387,30.921755,-7633.070906,-11325.930989,2788.681973,-594.360810000001,-13925.63656,-8696.183928,-5229.4526319999995,2839.187051022446
Mexico,MEX,2015Q1,-2116.62271999998,-2518.646652,-10832.649383,5812.8253,-9655.09345499999,-38.585254,-7270.9744,-7695.044918,-102.757272,10981.796218,-1032.261135,8661.41757399999,-9693.678708999989,3054.779729726404
Mexico,MEX,2015Q2,-1983.793772,-2458.538565,-9558.35829,6401.765147,-7598.92548000001,-3.541485,-4217.526592,-9675.059825,1303.109175,3896.652763,-11902.422814,-4299.955849,-7602.46696500001,-3209.589467641478
Mexico,MEX,2015Q3,-6663.02185000002,-4056.747824,-3613.778647,6613.358742,-7720.18957900001,-44.607024,-9976.471402,-791.348051,789.6579,11308.454213,-10574.220848,-2809.42424499999,-7764.79660300001,-11904.53249388164
Mexico,MEX,2015Q4,-3848.98628899999,-2161.406328,-6789.644052,6238.583146,-6561.45352299999,-14.939502,-3807.76989,704.14759,-6575.485398,2822.446414,-10463.899319,-3887.50629400001,-6576.39302499999,-3607.251999956233
Mexico,MEX,2016Q1,-3976.05505299997,-2260.454504,-10277.496514,6374.390086,-10139.615985,-28.942912,-10399.627927,-14067.008353,238.691811,11905.857844,-11934.078948,-1765.52005100002,-10168.558897,387.9998361446527
Mexico,MEX,2016Q2,-3054.042669,-3382.87057,-8224.004516,7174.163332,-7486.75442299999,-7.082409,-6808.993332,4631.2889,847.985654,-6680.70894,-9399.431206,-1905.59437400001,-7493.83683199999,-1388.957583098975
Mexico,MEX,2016Q3,-5232.90439099997,-2340.467583,-4488.376361,7131.113791,-4930.63454399997,44.45236,-6373.09817,-8160.451287,-118.289061,13128.954613,153.094558000001,5039.27674199997,-4886.18218399997,1675.929709981053
Mexico,MEX,2016Q4,-818.500322999986,-2601.960375,-6466.813414,7161.966157,-2725.30795499997,26.197312,-7448.143267,-9001.368895,-3214.978664,8754.231716,-11720.954459,-9021.84381600003,-2699.1106429999704,-812.0155570004988
Mexico,MEX,2017Q1,-2742.467932,-3900.277851,-13720.398365,7048.853589,-13314.290559,-26.534138,-11679.25186,-6655.795672,525.720182,17930.884644,249.315925999998,13590.140623,-13340.824697,126.7780706417829
Mexico,MEX,2017Q2,-304.346798999992,-3894.766953,-6348.682855,7835.337703,-2712.45890400001,-11.966195,-6235.587121,261.376914,1210.800057,2042.228858,-6706.97938,-3982.55428099999,-2724.42509900001,-3987.48952107991
Mexico,MEX,2017Q3,-6081.86491800001,-3536.0536,-3412.857471,7907.699997,-5123.075992,-17.562227,-8364.730085,-2099.695581,2203.115707,-810.567943000001,-10265.182373,-5124.544154,-5140.638219,-1193.785188341703
Mexico,MEX,2017Q4,-1854.10506399999,-354.908303,-6218.821744,8174.883702,-252.951409000001,205.593633,-3790.610536,-2485.920235,-865.231304,-9597.889364,-16453.460047,-16406.102271,-47.357776000000996,284.821555717179
Mexico,MEX,2018Q1,-1765.727957,-3097.520506,-14517.786379,7279.612745,-12101.422097,-23.914737,-11163.113891,-4654.169353,138.742835,3471.080504,-10079.038248,2046.298586,-12125.336834,2127.553521344226
Mexico,MEX,2018Q2,-2783.143131,-3433.737467,-6900.855687,9231.687425,-3886.04886000001,-11.78088,-7356.979426,-2136.631925,451.914469,2556.211095,-5574.177789,-1676.34804899999,-3897.8297400000097,909.2830446640396
Mexico,MEX,2018Q3,-5803.43396100002,-3537.750481,-5127.13326,8660.829654,-5807.48804800003,-17.648273,-1373.417149,-1852.591424,970.688769,-3689.70168,-6767.796051,-942.659729999973,-5825.13632100003,-823.8829750491351
Mexico,MEX,2018Q4,-3415.32544099999,-3774.175551,-6042.222358,9094.878406,-4136.84494399998,-11.672467,-5718.370449,38.4175369999998,-1151.679527,-234.023736,-8799.411166,-4650.89375500002,-4148.517410999981,-1734.942483054985
Mexico,MEX,2019Q1,-1815.66565900001,-1456.471269,-16286.474221,8042.849202,-11515.761947,-35.357435,-12579.244995,-8545.867826,-378.028518,5044.56099,-12034.31088,-483.191498000013,-11551.119382,4424.035532652275
Mexico,MEX,2019Q2,4963.800065,-1435.098674,-8143.323461,9672.351993,5057.72992300001,-2.895582,-5091.245802,2921.308075,123.081258,-2079.746347,-1576.330952,-6631.165293,5054.83434100001,2549.856489365128
Mexico,MEX,2019Q3,-1098.73113900002,-4251.193499,-4928.6641,10024.606553,-253.98218500003,-8.583304,-3879.88057,-2451.536013,873.222189,9842.959864,283.207927000002,545.773416000032,-262.56548900003,-4100.14853122841
Mexico,MEX,2019Q4,3118.10489699998,-2290.395737,-7390.773017,9403.911803,2840.84794599999,-9.03478700000001,-2312.648346,1000.102473,1054.204384,-2092.016579,-2585.228813,-5417.041972,2831.81315899999,-233.0991266016363
Mexico,MEX,2020Q1,3518.513542,-1069.625168,-19200.898402,9718.122734,-7033.88729399999,-13.163927,-16166.744216,-2380.698099,1823.047751,5903.519709,-6520.53077099999,526.520449999991,-7047.05122099999,4303.837391204611
Mexico,MEX,2020Q2,-1164.87618400001,-3998.051281,-5494.746991,10302.729438,-354.945018000013,15.975395,-3225.422204,7092.285138,-1028.281478,-4618.593621,4774.580148,5113.54977100001,-338.96962300001303,6558.856827560572
Mexico,MEX,2020Q3,16208.584131,-4349.938887,-5993.159039,11063.490227,16928.976432,-5.51916799999999,-1357.601853,1898.640512,-746.473216,11617.713688,13730.900099,-3192.55716500001,16923.457264,2318.411533118338
Mexico,MEX,2020Q4,15588.375002,-3021.307679,-6269.708828,11033.384868,17330.743363,-7.912701,-5754.526172,3698.485625,-1848.398019,13877.352658,8789.342988,-8533.48767400003,17322.830662,-1183.858604078294
Mexico,MEX,2021Q1,-1423.984077,-4014.562963,-14790.77572,10911.60676,-9317.71599999999,-11.385383,-14831.922981,5637.099616,737.261823,-838.62904,-7484.652079,1844.44930399999,-9329.10138299999,1812.024611380899
Mexico,MEX,2021Q2,2810.48863599999,-3172.046252,-6956.724653,13431.749816,6113.46754699998,-12.141852,-5783.547039,6895.749905,331.268614,6818.657571,7985.988667,1884.66297200002,6101.32569499998,-152.5444782471789
Mexico,MEX,2021Q3,-10040.924924,-2497.697485,-4839.84821,13837.732836,-3540.73778300002,-20.504434,-5459.653802,14570.078069,227.792873,-25014.807537,-2763.082403,798.159814000016,-3561.24221700002,12790.51430830031
Mexico,MEX,2021Q4,-2075.96465799998,-2713.508131,-7356.667627,14328.570779,2182.43036300002,-14.661746,-9577.780981,14475.638082,817.066385,-2709.145889,-1154.809598,-3322.57821500002,2167.7686170000197,-4161.228066542988
Mexico,MEX,2022Q1,-4828.36936400001,-3596.752974,-15680.938541,12525.413174,-11580.647705,-7.848434,-18059.517096,3250.472693,-395.79454,-338.083602,-11609.452127,-20.9559879999579,-11588.496138999999,3928.92703454305
Mexico,MEX,2022Q2,-8078.833683,-3536.295622,-5245.315357,15021.060122,-1839.38454000003,-4.24061500000001,-3451.156487,5199.858343,2530.727965,-1274.133088,-450.635650999996,1392.98950400003,-1843.62515500003,-3470.614215651732
Mexico,MEX,2022Q3,-12899.133958,-3842.972882,-4875.466883,15549.935054,-6067.63866900001,-54.315974,-2115.320011,310.358168,-178.461793,-5717.540372,-7002.471927,-880.517283999991,-6121.95464300001,665.442086701268
Mexico,MEX,2022Q4,-1309.924875,-4475.670519,-8017.843495,15590.32981,1786.89092100001,-12.379167,1842.165637,-3648.703406,967.513338,8054.414569,4347.270898,2572.75914399999,1774.51175400001,-2904.474319655139
Mexico,MEX,2023Q1,-4882.52308400001,-4428.672761,-25240.807773,13905.397994,-20646.605624,92.473927,-24476.75658,-1688.450816,1693.240164,4130.46197,-17483.671412,3070.46028500004,-20554.131697,2839.177105452308
Mexico,MEX,2023Q2,-1664.04329699997,-5519.58323600001,-6942.888904,16215.9384,2089.42296300005,-15.85171,-6466.719065,4082.255722,745.095471,-2038.499085,628.611244,-1444.96000900005,2073.57125300005,4291.878937080325
Mexico,MEX,2023Q3,-3418.79628400001,-5881.529389,-6284.042055,16785.74511,1201.37738200001,-82.880852,701.552257,7725.336021,880.032259,-8828.92683,362.962423999998,-755.534106000008,1118.49653000001,-124.1571789633295
Mexico,MEX,2023Q4,4416.592359,-3587.565147,-5226.011916,16142.128012,11745.143308,-11.859495,352.154712,1149.012462,2289.688935,4268.248719,8591.585745,-3141.69806800003,11733.283813,530.4005902247721
Mexico,MEX,2024Q1,-2744.73883100002,-885.012535999998,-32527.653153,13956.234436,-22201.170084,9.98101399999999,-26369.211058,-8641.736431,2135.887104,127.138547,-28020.346429,-5829.15735899996,-22191.18907,4731.131991405726
Mexico,MEX,2024Q2,-2789.42861799998,-1947.799784,-9850.115017,17098.149238,2510.80581900003,-2.777769,-4186.143004,8937.458094,762.892672,-9237.677705,1528.833201,-979.194849000028,2508.0280500000304,5256.522799300513
Mexico,MEX,2024Q3,-5511.86988199997,-4021.219016,-6296.605195,16933.567138,1103.87304500001,-62.503899,-1100.126249,773.620381000001,-288.541807,7057.036623,7930.430851,6889.06170499999,1041.36914600001,1494.081594023199
Mexico,MEX,2024Q4,2800.15463799998,-1168.649706,-5326.783843,16295.98286,12600.703949,-13.136069,519.34389,6497.820015,-1918.565146,7580.008994,15086.273816,2498.70593599998,12587.56788,2422.571602269449
Peru,PER,1991Q1,112.0,-82.0,-366.0,91.0,-245.0,14.0,13.0,11.0,0.0,-179.0,-345.0,-114.0,-231.0,-641.9676304075371
Peru,PER,1991Q2,70.0,-120.0,-442.0,89.0,-403.0,14.0,-26.0,2.0,0.0,-421.0,-128.0,261.0,-389.0,-248.3672527712411
Peru,PER,1991Q3,-73.0,-127.0,-311.0,94.0,-417.0,14.0,0.0,0.0,0.0,-85.0,36.0,439.0,-403.0,139.6924469441241
Peru,PER,1991Q4,-263.0,-118.0,-250.0,192.0,-439.0,26.0,20.0,-5.0,0.0,-700.0,-98.0,315.0,-413.0,246.4570816371681
Peru,PER,1992Q1,-171.0,-175.0,-244.0,131.0,-459.0,9.0,16.0,7.0,0.0,-301.0,-264.0,186.0,-450.0,-231.3218702620392
Peru,PER,1992Q2,-51.0,-181.0,-299.0,85.0,-446.0,60.0,13.0,13.0,0.0,-393.0,-284.0,102.0,-386.0,-257.1967845584877
Peru,PER,1992Q3,-31.0,-143.0,-244.0,103.0,-315.0,16.0,25.0,23.0,0.0,-532.0,-215.0,84.0,-299.0,63.1844585607085
Peru,PER,1992Q4,15.0,-177.0,-627.0,123.0,-666.0,8.0,25.0,-4.0,0.0,-754.0,-581.0,77.0,-658.0,-496.878631613909
Peru,PER,1993Q1,-30.31327062032,-187.135801597164,-326.011176038033,119.3887,-424.071548255517,24.101,-282.43529699,26.4917046924225,0.0,-279.678,-316.621592297578,83.3489559579392,-399.970548255517,509.3927235083784
Peru,PER,1993Q2,-67.4491129989409,-200.085328300612,-509.718258785739,140.8482,-636.404500085292,155.5277,-156.26512024,-70.6221659084826,0.0,-429.17,-365.057286148483,115.819513936809,-480.8768000852921,-293.3398238015758
Peru,PER,1993Q3,-267.171584227429,-186.605492975604,-330.614308712085,120.928355,-663.463030915117,5.96155,-138.396684,-49.0744791705587,0.0,-143.0,-298.471163170559,359.030317744559,-657.501480915117,-207.0019770529378
Peru,PER,1993Q4,-222.613422728658,-164.305999819444,-503.925776609737,150.49167,-740.35352915784,7.91233,-183.491858,-67.3234466871434,0.0,-638.0,-721.815304687143,10.6258944706964,-732.44119915784,-367.8986529273698
Peru,PER,1994Q1,-169.866718203253,-140.369040566,-380.436417492685,197.18779527,-493.48438099194,15.48345,-209.27573133,-112.261085092702,0.0,-509.583333333333,-474.120149756035,3.880781235905,-478.00093099194,135.3025051499771
Peru,PER,1994Q2,-152.27654282387,-165.10260868,-560.506472706415,197.7308995,-680.15472471029,27.93918,-1695.2054919,-114.175,0.0,-438.583333333333,-478.963825233333,173.251719476957,-652.21554471029,1237.334568574119
Peru,PER,1994Q3,-158.03132115856,-168.28786968,-411.721903973048,197.2524735,-540.78862131161,11.08713,-583.82675,-197.475,0.0,-404.583333333333,-476.885083333333,52.8164079782768,-529.70149131161,416.2186701407475
Peru,PER,1994Q4,-404.54705112596,-186.87281738,-591.198570881019,195.7809485,-986.83749088698,9.62059,-800.87875,-79.975,0.0,-265.5468,-912.40055,64.81635088698,-977.21690088698,-235.7829808107609
Peru,PER,1995Q1,-418.14724682207,-248.628473724829,-520.577174749274,197.15222913,-990.200666166174,36.535,-403.98025,22.18675,0.0,-562.55,-941.3435,12.3221661661741,-953.665666166174,-264.252261093349
Peru,PER,1995Q2,-447.43395148812,-285.933903036646,-675.677136626753,224.9537324,-1184.09125875152,12.79587,-827.55175,-152.87325,0.0,-602.58,-1228.005,-56.7096112484801,-1171.29538875152,-157.0472521021672
Peru,PER,1995Q3,-501.32687484294,-265.832614528435,-562.667672189037,200.0436285,-1129.78353306041,27.21255,-391.74025,-36.04928289,0.0,-763.35,-1146.13953289,-43.5685498295898,-1102.57098306041,-236.0480824534794
Peru,PER,1995Q4,-565.468892901076,-241.94818227946,-722.922856587675,209.8754475,-1320.46448426821,16.91775,-925.70925,12.82437,0.0,-591.35,-986.23488,317.31185426821,-1303.54673426821,66.9454487172577
Peru,PER,1996Q1,-324.11151332067,-175.91978152917,-371.38103084927,218.23935765,-653.17296804911,45.621923,-548.4815,5.7065,0.0,-101.140909090909,-524.915909090909,82.6351359582008,-607.5510450491099,-14.0932330298412
Peru,PER,1996Q2,-491.98393341724,-247.284585563333,-546.00725810785,238.8977429,-1046.37803418842,19.968295,-350.8975,-178.9815,0.0,-676.8544,-855.7334,170.67633918842,-1026.4097391884202,26.6564881351077
Peru,PER,1996Q3,-494.3492956661,-208.628883737854,-425.433839652612,220.58332684,-907.828692216565,11.326846,-1932.1085,-80.5835,0.0,160.526,-597.166,299.335846216565,-896.5018462165649,1148.23127035643
Peru,PER,1996Q4,-495.00832000992,-220.129406597198,-555.699572920544,234.33787967,-1036.49941985766,13.192273,-656.6715,86.5335,0.0,-352.359090909091,-868.497090909091,154.810055948569,-1023.3071468576601,-280.9741184249935
Peru,PER,1997Q1,-249.161533642017,-193.095346718421,-410.314579953276,229.89164074,-622.679819573714,15.876925,-625.4,-4790.35,0.0,4458.726,-379.024,227.778894573714,-606.802894573714,1567.250296370597
Peru,PER,1997Q2,-205.534263461158,-293.086769240253,-483.63461514257,233.15668844,-749.098959403982,123.941275,-461.39,-331.588,0.0,-323.961,-636.939,-11.7813155960179,-625.157684403982,197.6543411289772
Peru,PER,1997Q3,-459.247701974285,-274.07659549473,-416.686089685789,254.53344749,-895.4769396648,11.130457,-504.47,34.4,0.0,-444.261,-919.331,-34.9845173352,-884.3464826648001,6.73959245917314
Peru,PER,1997Q4,-534.509786804319,-288.639341315933,-511.592197676435,233.95330183,-1100.78802396668,3.632289,-463.0,65.65,0.0,-1340.4,-1304.75,-207.59426503332,-1097.15573496668,282.9592416745332
Peru,PER,1998Q1,-796.336772905548,-236.352517080907,-231.969721926281,238.48652241,-1026.17248950274,14.475,-493.621541509833,81.3475833333333,0.0,-201.022,-644.2959581765,367.40153132624,-1011.69748950274,17.07496684110983
Peru,PER,1998Q2,-746.608221392837,-234.689784730307,-306.014395940191,246.25764729,-1041.05475477333,18.828,-509.013541509833,88.915220333333,0.0,-649.607,-954.7053211765,67.5214335968296,-1022.22675477333,38.5666181347104
Peru,PER,1998Q3,-390.53686180581,-275.555728551424,-319.633438545819,253.21052103,-732.515507873053,33.38,-246.381185120068,137.147583333333,0.0,-394.63275,-888.866351786735,-189.730843913682,-699.135507873053,-361.8593074215676
Peru,PER,1998Q4,-188.218281001955,-250.753492856104,-346.303668357475,249.04869422,-536.226747995533,9.651,-332.891185120068,109.847583333333,0.0,542.02775,-517.015851786735,9.559896208798,-526.575747995533,-934.8643645661236
Peru,PER,1999Q1,-77.3459606499639,-197.022378302696,-268.619343043392,231.87716785,-311.110514146057,8.5,-64.190756022977,239.5,0.0,238.358608,-67.332148022977,235.27836612308,-302.610514146057,-395.7171135295042
Peru,PER,1999Q2,-131.810314784118,-202.922016090037,-283.667235760878,234.9890193,-383.410547335037,3.178,-849.402571011977,-44.7,0.0,680.018608,-342.083963011977,38.1485843230602,-380.232547335037,-126.6884798946158
Peru,PER,1999Q3,-24.5990001428502,-183.812270396568,-259.639466084305,226.5177168,-241.53301982372,24.54,-849.986518621364,48.1,0.0,381.186608,-555.699910621364,-338.706890797644,-216.99301982372,-81.6828456533007
Peru,PER,1999Q4,-120.502767894195,-272.607864198223,-300.112995716465,249.36466132,-443.85896648888,18.034,-48.428954343681,109.0,0.0,-203.122392,-377.551346343681,48.273620145199,-425.82496648888,-258.1022134505006
Peru,PER,2000Q1,-76.1910277434998,-215.818206619709,-341.012464930409,252.53313992,-380.488559373618,9.046,-96.7476900082424,39.9,0.0,-426.36423503,-140.211925038242,231.230634335375,-371.442559373618,417.8653093595783
Peru,PER,2000Q2,-96.7751270109401,-266.582079939862,-398.706206043978,247.45568845,-514.60772454478,3.767,-296.734690008242,201.343,0.0,-69.982377887143,-343.374067895385,167.466656649395,-510.84072454478,-71.79591076289472
Peru,PER,2000Q3,87.5282230870202,-229.904358205348,-228.190581480859,252.59116464,-117.975551959187,1.982,-147.962690008242,105.212,0.0,23.7369658628569,-81.0137241453851,34.9798278138019,-115.993551959187,8.65109005642646
Peru,PER,2000Q4,-7.58030773544455,-332.188468121014,-441.684601586644,248.6966929,-532.756684543103,2.184,-268.251690008242,59.624547,0.0,159.849744271948,-591.777398736294,-61.2047141931909,-530.572684543103,-484.8982554390721
Peru,PER,2001Q1,-147.46087387927,-363.991500349687,-285.202975316178,246.843010703508,-549.812338841628,14.829,-234.5,94.585,0.0,-42.3051837033919,-342.220183703392,192.763155138236,-534.9833388416281,-88.99391231208232
Peru,PER,2001Q2,57.1105079855373,-314.286192878577,-289.008824714668,251.136785461897,-295.047724145812,2.797,-75.56,-14.50194134,0.0,-388.837963347278,-254.899904687278,37.3508194585336,-292.250724145812,224.0651752859924
Peru,PER,2001Q3,123.600658938835,-266.631004724953,-280.817060147618,244.508889166897,-179.338516766839,1.493,-266.435,40.804,0.0,-272.248615222157,-221.879615222157,-44.0340984553176,-177.845516766839,361.2668982189366
Peru,PER,2001Q4,98.4852715911214,-328.318293314236,-246.017205316571,297.237476933844,-178.612750105841,1.835,-493.365,251.051547,0.0,16.6191432240908,-290.694309775909,-113.916559670068,-176.777750105841,-64.82733001068077
Peru,PER,2002Q1,31.845773176687,-327.284167115978,-282.785265486091,238.490451512039,-339.733207913344,1.929,-206.201764275272,-1064.44442857143,0.0,847.325058429292,-321.321134417408,16.4830734959362,-337.80420791334404,185.3262040437799
Peru,PER,2002Q2,203.546041160074,-322.11710991691,-416.745858079716,247.118243505348,-288.198683331204,3.861,-458.508199347103,-19.094,0.0,-101.172319992859,-241.774519339963,42.5631639912407,-284.337683331204,336.3433711460551
Peru,PER,2002Q3,253.423075624653,-302.90468003934,-390.944694778564,246.005841677848,-194.420457515403,12.262,-1065.08191471135,-41.4544285714285,0.0,194.478050119071,-254.058293163711,-71.899835648308,-182.158457515403,734.8301414980575
Peru,PER,2002Q4,104.650169254932,-313.836341215336,-366.556732311123,287.787458206787,-287.955446064738,1.816,-426.044936399727,-283.264453,0.0,769.826537375707,-184.482852024019,101.656594040719,-286.139446064738,-246.724282257378
Peru,PER,2003Q1,58.9167522589908,-297.198565570681,-527.131528316808,265.305604773569,-500.107736854929,3.049,-448.160194633832,-544.067,0.0,77.2238723918266,-150.003322242006,347.055414612923,-497.058736854929,855.3314915188907
Peru,PER,2003Q2,297.563399548238,-263.605736303597,-455.387874251777,281.233115534877,-140.19709547226,2.503,-128.23161,250.454,0.0,373.320340527075,49.5427305270751,187.236825999335,-137.69409547226002,-447.7953396738136
Peru,PER,2003Q3,319.991935420252,-259.705159584544,-584.139784533604,325.584717706629,-198.268290991267,9.484,-185.270729203185,457.876,0.0,-34.600619667127,-10.5953488703124,178.188942120954,-188.784290991267,-238.786906669991
Peru,PER,2003Q4,401.710930973108,-271.737973621032,-577.149325359471,337.218161927514,-109.958206079882,53.369,-513.344539203185,-87.903906,0.0,34.9767022127914,-120.671742990394,-64.0825369105115,-56.589206079882004,392.7275331861903
Peru,PER,2004Q1,715.377762871293,-250.01583324911,-866.915542114554,315.695291684847,-85.8583208075252,3.773,-445.509515321666,160.676323699665,0.0,-52.1073592576491,-122.84055087965,-40.7552300721248,-82.0853208075252,232.0410709519662
Peru,PER,2004Q2,508.415210964694,-233.602399260533,-791.522022956703,343.78263858439,-172.926572668152,1.631,-403.587560471667,-176.67354010866,0.0,-7.85400985101762,-144.537110431344,26.7584622368085,-171.295572668152,442.9597127996884
Peru,PER,2004Q3,958.33662936372,-194.379080839017,-915.592971126655,362.357245999099,210.721823397147,2.662,-318.51990593,-46.6402916699998,0.0,333.091059565511,301.452861965513,88.0690385683658,213.383823397147,351.569523723878
Peru,PER,2004Q4,1042.09863247982,-273.670263448839,-1111.83242994247,410.754011153134,67.349950241642,45.697,-431.421407241667,-756.979925420701,0.0,-140.401709883656,122.896957453975,9.850007212333,113.04695024164201,1429.103853412858
Peru,PER,2005Q1,1158.58989041123,-283.121388650318,-1117.06760309213,389.671708018271,148.072606687053,3.589,-516.812986835,-354.962995507973,0.0,157.473957241858,212.302974898885,60.6413682118318,151.661606687053,945.3121361071276
Peru,PER,2005Q2,1103.82095219254,-295.877412219856,-1131.15860852835,438.01852810584,114.803459550177,41.013,-601.67212333,-219.540175623373,0.0,784.008756464619,222.027457511247,66.2109979610704,155.816459550177,220.1015283233042
Peru,PER,2005Q3,1476.92829822149,-216.171700853878,-1321.84303949012,452.152242862408,391.065800739895,60.11,-799.682168965,-712.137894011978,0.0,2523.290847495,890.776784518022,439.600983778126,451.175800739895,-159.7763695457499
Peru,PER,2005Q4,1844.06900656458,-336.42869037248,-1506.06686622451,492.094912024218,493.668361991803,1.776,-660.55208598,-475.063849639911,0.0,851.898706443,121.86777082309,-373.576591168713,495.444361991803,405.6161587213993
Peru,PER,2006Q1,1311.46796047426,-247.175349357564,-1721.42059807491,471.558564955735,-185.56942200247,27.9422253,-1106.77573192684,686.684923585645,0.0,688.957064046886,643.185255705691,800.812452408161,-157.62719670247,367.5212888978312
Peru,PER,2006Q2,2266.61368754292,-258.393202650006,-2064.44511518171,534.200494540615,477.97586425182,1.5730974,-1652.04376259064,494.550563633422,0.0,950.256299347175,-249.618369610044,-729.167331261864,479.54896165182,-42.73624088892343
Peru,PER,2006Q3,2967.99019306432,-223.550614509879,-1970.81349120573,560.065135661394,1333.69122301011,1.6347969,-129.807279341406,288.796680720993,0.0,460.537156594895,1365.95364797448,30.6276280643702,1335.32601991011,765.7388572208755
Peru,PER,2006Q4,2815.78207807804,-383.872416458356,-1804.89404004108,619.37573734891,1246.39135892751,1.6215032,-577.90428741433,141.572034752878,0.0,-1088.87092606806,606.01638127049,-641.99648085702,1248.01286212751,2130.952259088499
Peru,PER,2007Q1,1631.3549147971,-380.519462699504,-1808.3355132823,559.883624308463,2.38356312376022,44.158,-1277.86204985,-2558.79292408217,0.0,2385.30793367305,-324.434540259122,-370.976103382882,46.54156312376022,1103.033443502895
Peru,PER,2007Q2,2325.6544734554,-416.985825821122,-2237.48011898005,603.157205703289,274.34573435751,1.47908,-1883.83120867218,504.648348055471,0.0,-1280.08183907678,439.272440306513,163.447625949003,275.82481435751004,3098.512562852761
Peru,PER,2007Q3,2432.7501591015,-324.929991449237,-2301.0394312274,637.971185188847,444.75192161372,1.06605,-1902.96467228222,-667.579321526014,0.0,1027.16035034991,-243.467313458323,-689.285285072043,445.81797161372003,1299.58258221767
Peru,PER,2007Q4,2445.72124755445,-401.532661027871,-2011.98373502202,706.658715380296,738.8635668848,23.0994675,-360.726404285117,-917.529415297651,0.0,-2203.96589996859,1383.40168044864,621.43864606384,761.9630343847999,4842.362851761193
Peru,PER,2008Q1,1601.46420992288,-499.978666088326,-2753.5068223574,689.221175799467,-962.80010272341,26.6797157,-3057.27646905771,-2807.60564524318,0.0,-1608.67333898765,-1586.15927328855,-650.03888626514,-936.12038702341,5873.138226853249
Peru,PER,2008Q2,915.44237458779,-564.501656098288,-2926.8573665655,739.396629729273,-1836.5200183467,2.7848788,-1619.31165426492,869.313531479142,0.0,-1170.73232676061,21.4153404536219,1855.15048000032,-1833.7351395467,1931.861004525993
Peru,PER,2008Q3,651.001239316868,-668.095345473536,-2180.87805875871,756.229059190109,-1441.7431057252,18.3771268,-2055.14555804333,373.671869605075,0.0,209.239210898311,-2290.16706753995,-866.80108861475,-1423.3659789252,-829.9427325303618
Peru,PER,2008Q4,-227.67027538248,-693.976405813525,-913.007370492082,758.084721935378,-1076.56932975271,20.6005818,543.882026740178,1104.09415774087,0.0,201.488423138262,-1649.76813238069,-593.79938442798,-1055.96874795271,-3518.349376305841
Peru,PER,2009Q1,574.190955923954,-368.419564294151,-1506.65268957009,669.364776563947,-631.51652137634,12.28155767235,-1612.10814313272,-46.9028944920047,0.0,736.517677576837,-1194.24837004789,-575.0134063439,-619.23496370399,-279.8636466457175
Peru,PER,2009Q2,1373.57879013174,-318.825007847395,-1961.07668327753,700.14038564308,-206.18251535011,22.315350341325,-1963.56024426418,1455.52765035913,0.0,584.511563523223,-61.849950381828,122.017214626957,-183.867165008785,-163.2812185285526
Peru,PER,2009Q3,1910.80872199464,-337.656442960011,-2365.44158193412,733.244322552661,-59.0449803468399,4.6126427,-1580.32336064828,321.95189602093,0.0,578.574732523357,660.287717896017,714.720055542857,-54.4323376468399,1321.906197158818
Peru,PER,2009Q4,2294.85582223647,-353.698885001242,-2551.95288401273,784.669653196843,173.8737064193,4.4552147,-863.948212866667,569.463536678617,0.0,-1483.34008132151,-765.05640750956,-943.38532862886,178.3289211193,1023.39254333098
Peru,PER,2010Q1,1648.83680856489,-574.390262534901,-2725.24508474895,710.901756544561,-939.8967821744,3.3333729,-2260.56800611383,-432.671293346423,0.0,-68.0365293866466,-631.53122884691,305.032180427498,-936.5634092744,2157.293601843768
Peru,PER,2010Q2,1698.98494019618,-647.242952239454,-2428.29423591085,731.701383456477,-644.850864497643,4.00293065,-1856.6676144196,297.159522936003,0.0,817.707144854443,-665.327946629152,-24.4800127815091,-640.8479338476429,99.250117289889
Peru,PER,2010Q3,1683.34333987055,-734.10902392592,-2939.41170918379,757.785950253661,-1232.3914429855,13.76093065,-2607.51876810815,-939.064628037867,0.0,-3863.56043506798,-289.297711213997,929.332801121506,-1218.6305123354998,7058.788236795673
Peru,PER,2010Q4,2380.64449783692,-821.287004263134,-3132.30027266049,825.648407452783,-747.294371633907,5.20893065,-1293.60269644429,-1658.42416683212,0.0,1026.34499580836,-277.73164746804,464.353793515853,-742.085440983907,1654.865452463193
Peru,PER,2011Q1,2069.45341666663,-734.846252882479,-3426.3726272884,762.126898052258,-1329.63856545197,12.942195,-2304.54289909813,-139.099399280345,0.0,-1023.76024878926,-1441.21561716775,-124.519246715772,-1316.6963704519699,1983.031135232819
Peru,PER,2011Q2,2344.32916027312,-812.201888720374,-3802.25657509215,802.139575656394,-1467.98972788304,4.121872,-1527.34983690312,705.826807224684,0.0,-1869.53160398988,-1672.18904366832,-208.321187785269,-1463.86785588304,1005.832569658966
Peru,PER,2011Q3,3218.47037937112,-710.173086890484,-3442.71329172926,804.217950541002,-130.198048707596,11.567982,-1774.20235118513,116.355380556183,0.0,513.049990599991,-230.780020028956,-112.149953321365,-118.630066707596,931.6624667945084
Peru,PER,2011Q4,2294.93179277542,-689.915947316234,-2883.20588046159,832.234341926816,-445.955693075585,11.734636,-1733.57247187867,17.2466742909047,0.0,-368.68951572611,-1335.81479331388,-901.593736238288,-434.22105707558495,763.5149873675203
Peru,PER,2012Q1,2496.85712649577,-669.679760074754,-3698.89072082698,1133.38012280332,-738.333231602641,2.713753,-3767.79911475942,-1956.39730524451,-29.016,-1489.48562875462,-606.836886247553,128.782592355088,-735.619478602641,6644.577060774393
Peru,PER,2012Q2,841.275384674549,-741.827960801716,-2882.96366271232,1039.87808262786,-1743.63815621162,11.923746,-1693.56024976082,-573.224267281396,-25.5050158945283,-1077.95406716099,-1333.99036905273,397.724041158887,-1731.7144102116201,2046.076077126787
Peru,PER,2012Q3,1270.66543415936,-850.248601860609,-3628.95457673022,1174.04839009017,-2034.4893543413,4.550457,-2618.52391582264,-480.753766302202,-67.8059874917258,-2422.1220773373,-2275.20223195387,-245.26333461257,-2029.9388973413,3314.044687661251
Peru,PER,2012Q4,1788.16997385641,-831.266130138679,-3067.39498600877,1092.84305359727,-1017.64808869377,8.205746,-3794.11961704383,1066.42730232846,0.0,-509.458536832893,-417.133140548262,592.309202145508,-1009.44234269377,2822.937125173353
Peru,PER,2013Q1,114.411793203704,-708.749337145797,-3341.70754653657,1071.5724820577,-2864.47260842096,3.226233,-4149.19601039428,-1611.83233570223,-39.3816879680755,-272.091934776693,-1833.81817484128,1027.42820057968,-2861.2463754209602,4238.711059215038
Peru,PER,2013Q2,-393.131529133068,-638.385449044116,-2885.7585660665,1142.02452121224,-2775.25102303144,1.888049,-1637.66832083234,-3578.77527292474,30.8914039336488,2703.18850791006,-2615.21509091337,158.147883118076,-2773.36297403144,-125.3042474123476
Peru,PER,2013Q3,147.925729448016,-605.360470131465,-3433.59003072932,1083.06091417861,-2807.96385723416,8.397641,-2603.88176039869,-832.793820204672,63.5966896874041,1475.98069179242,-2309.24566412355,490.320552110602,-2799.56621623416,-395.3674679957488
Peru,PER,2013Q4,643.330807203331,-640.283633577996,-2543.55141666611,1227.7546917384,-1312.74955130237,3.376611,-942.936486859002,1500.86322874275,13.2523951053447,-616.067504153676,-831.809189164566,477.563751137803,-1309.3729403023701,-770.4872171827284
Peru,PER,2014Q1,-420.825120200227,-696.732396249251,-2692.31401228994,1176.64668720533,-2633.22484153409,4.2201171,-2852.7718776179,673.889813169843,60.2264923978555,1962.68504708747,-1005.78790796273,1623.21681647136,-2629.00472443409,-849.7727360580145
Peru,PER,2014Q2,-853.546776087102,-582.992960281905,-2753.28535410991,1136.05934399175,-3053.76574648717,10.3409774,-1554.9688977364,958.409558346592,-33.0441099948881,-766.544286014578,-1881.21555539927,1162.2092136879,-3043.42476908717,-477.9091863539059
Peru,PER,2014Q3,-216.976232376233,-654.09355007512,-2563.21144089788,1647.35137539363,-1786.9298479556,4.57476,2461.54131558364,131.968719898216,22.5076402890224,-5881.97291610826,-2483.18448433737,-700.829396381772,-1782.3550879556,787.3123107971408
Peru,PER,2014Q4,-10.7756503438031,-750.798088368574,-2069.25252027825,1538.51815391927,-1292.30810507136,3.6486292,-1479.60570208548,-41.4654287029259,90.844955836696,-156.208537882008,-3212.18758483372,-1923.52810896236,-1288.65947587136,-1625.730605354585
Peru,PER,2015Q1,-1105.26843813436,-755.952993181238,-2218.48505341151,1078.74237506916,-3000.96410965795,1.997973,-3407.62620725904,-164.772041529679,209.241412344976,409.742686003104,-3396.29623544064,-397.330098782692,-2998.96613665795,-498.2547853499858
Peru,PER,2015Q2,-1060.60419821753,-638.060961837841,-1722.79952257687,1074.52141344375,-2346.94326918849,1.363057,-1687.03922203879,1310.36090152115,81.8797005148675,149.909128202675,-1544.90611980009,800.674092388405,-2345.58021218849,-1400.01510612552
Peru,PER,2015Q3,-780.036857460327,-607.73733486797,-2186.435308935,1196.79256107697,-2377.41694018633,1.28583,-1714.89115742253,-2496.48724581439,-23.0838509008481,526.864334086475,-2003.04671805129,373.084392135036,-2376.1311101863303,1704.563643899053
Peru,PER,2015Q4,33.4929555182698,-755.582098328024,-1612.40948546789,1122.41700073873,-1212.08162753891,1.235214,-1190.05805629469,-816.58443079118,85.0678420951654,-1780.85337146705,-3491.40674545775,-2280.56033191884,-1210.84641353891,211.0969976827623
Peru,PER,2016Q1,-626.151264562794,-685.250646671261,-2187.28260846745,1327.84878127938,-2170.83573842212,0.8527879,-822.244099141825,-581.083554071134,114.547652326984,-634.971785534867,-2393.48723642084,-223.504285898713,-2169.98295052212,-706.2081441038633
Peru,PER,2016Q2,-33.5509151493461,-611.915823288842,-2233.78349091961,1228.83195922217,-1650.41827013563,2.8304446,-1442.4108507348,1292.02895694248,-138.979371741102,1103.08888210532,-1024.3210454281,623.266780107524,-1647.5878255356301,-1838.088793463823
Peru,PER,2016Q3,768.282308665523,-598.609568453532,-2411.37027847377,1184.09651119927,-1057.60102706251,9.1930721,-1966.96844062933,-1279.02201143662,-72.2051638430025,-890.520499155306,-2166.76614606427,-1118.35819110177,-1048.4079549625098,2041.93614013421
Peru,PER,2016Q4,1853.79148994274,-826.661276137592,-2027.3605210946,1476.3785850828,476.148277793351,1.191108,-1047.38353955234,-224.606288145698,-32.3708634175965,1117.44966313118,247.387903015552,-229.951482777798,477.33938579335097,434.2795820813182
Peru,PER,2017Q1,1182.74339265922,-748.432999755501,-3121.65991405753,1569.83462603325,-1117.51489512056,1.704579,-2402.67458562908,-340.923453838872,-17.787401822368,1687.17290642311,-445.588964867202,670.221351253361,-1115.81031612056,628.5657541385294
Peru,PER,2017Q2,1343.92831050744,-613.617021941333,-2255.64805176995,1370.99811572163,-154.338647482207,2.444607,315.336922364437,-2673.81956414302,-141.599914361362,2079.20299357743,-348.22111756252,-196.327077080312,-151.894040482207,76.47681355941755
Peru,PER,2017Q3,1884.51106329972,-564.398587958077,-2933.40484565841,1270.73087218002,-342.561498136751,9.831635,-1543.12163393145,-3522.79581597567,-161.607488910634,3087.35167306575,-472.97042275201,-140.240559615259,-332.729863136751,1672.688823812067
Peru,PER,2017Q4,2274.78357338717,-943.575195491662,-2965.7285639178,1237.86020134597,-396.659984676322,4.012749,-2361.43219503141,1336.03029645857,17.1425481100521,2061.80057205241,313.764696589623,706.411932265945,-392.647235676322,-601.2377960938725
Peru,PER,2018Q1,1907.4891991371,-964.988342304153,-3380.79268357621,1284.33678036222,-1153.95504638104,1.75827424878636,-2399.36009641909,2931.97948906056,-25.3404793336574,-881.228002186937,-1940.87748987912,-788.680717746872,-1152.1967721322535,-1567.004246592478
Peru,PER,2018Q2,2085.75228707524,-897.548428157509,-3033.75622094928,1279.02295602992,-566.529406001629,1.63218396492554,-2061.83710220427,-95.0949545799858,-1.73,3714.5589063632,-1228.38485242106,-663.487630384354,-564.8972220367035,-2735.86612175618
Peru,PER,2018Q3,1275.82645657158,-765.671588699883,-2997.16040086222,1237.71113507484,-1249.29439791569,1.15869123819254,-2152.03641908904,117.371903318659,28.5649414271797,1080.58466990491,-2025.95781843829,-777.822111760795,-1248.1357066774976,-1100.310808989551
Peru,PER,2018Q4,1946.31006302973,-975.312908114594,-2106.52897860764,1259.39199636311,123.860172670607,1.49681169468137,-49.5154015616357,-1423.07338779059,44.9178612262148,-759.708002620677,-365.121333746678,-490.478318111966,125.35698436528837,1822.458728308258
Peru,PER,2019Q1,1238.30190450005,-981.979620280087,-3295.07712023984,1323.39085951159,-1715.36397650829,1.8294823205882,-1400.91787478251,-1546.59693670096,-69.5158404037526,-68.8526942753547,-403.532268162584,1310.00222602512,-1713.534494187702,2745.213901615155
Peru,PER,2019Q2,1361.84025255778,-956.406066058886,-2447.10660651704,1444.61962200797,-597.052798010178,0.75239232736825,-1503.62876848308,-1752.40473153223,23.985362370837,-511.58634555834,-736.517707202828,-140.217301520018,-596.3004056828097,3007.463121069648
Peru,PER,2019Q3,1594.98584737323,-1003.45716896273,-2576.57160932436,1268.68011107246,-716.362819841399,1.08916976390099,-1168.03256052676,-972.068940672567,47.8224259043105,-729.058226489724,-1565.05577778472,-849.782127707218,-715.273650077498,1299.505868807795
Peru,PER,2019Q4,2697.6963799158,-1220.45861638052,-1479.32073248523,1372.8445731439,1370.76160419395,1.40700299300048,-1203.05410480931,745.525941468707,0.0,2740.7903650562,2247.26810371559,875.099496528633,1372.1686071869506,-17.27176407134514
Peru,PER,2020Q1,1124.90391182887,-1173.49962355844,-1455.8711286884,1118.50139095946,-385.965449458521,0.912565991,-701.882143515886,-452.454298195738,191.818781375287,-782.06217038058,-2477.38025004693,-2092.32736657941,-385.052883467521,-718.2712191967103
Peru,PER,2020Q2,-19.7052830574266,-1234.38498766036,-402.83030517506,1619.26161360497,-37.6589622878819,0.427296309,337.642247008485,-3771.96353877163,-45.8648866038679,1429.42191910006,1064.22080627306,1101.45247225194,-37.2316659788819,3114.411842459788
Peru,PER,2020Q3,3242.35696371861,-1240.62997487581,-2316.94671190675,1176.65702187418,861.43729881023,1.67358221,885.892531322738,-1512.07903956222,102.00301986076,-326.952156103316,-133.372529452032,-996.483410472261,863.11088102023,707.5485803346896
Peru,PER,2020Q4,3750.03236384636,-1546.05539472507,-2336.03394217852,1267.84518383787,1135.78821078064,0.718534672636678,695.173233252817,-4013.2751655256,94.7089383429701,1506.18684421859,483.020717918792,-653.486027534483,1136.5067454532766,2189.679579267326
Peru,PER,2021Q1,2846.03044070909,-1634.18246900341,-4249.78692001518,1415.44891364033,-1622.49003466917,2.00278926318648,-2835.49312428531,-7955.03696936762,114.263499732036,2951.81488542984,-2159.59845070107,-539.111205295083,-1620.4872454059835,5570.823015761892
Peru,PER,2021Q2,2566.02110869935,-1861.43224721142,-3997.72951473001,1426.9363075447,-1866.20434569738,0.351553380418978,720.272234129556,-3827.76501748031,56.715818087496,8441.1832717141,-2667.01718053915,-801.164388222189,-1865.8527923169609,-8037.358074384761
Peru,PER,2021Q3,4010.74478357956,-2098.02654417377,-4396.42107409341,1411.92013186403,-1071.78270282358,0.499569624918361,-1226.86585917769,-6591.97048819598,62.4,40.3429922258811,-3438.38018790779,-2367.09705470913,-1071.2831331986615,4269.96339816967
Peru,PER,2021Q4,5691.90272877114,-2386.60145443945,-5378.55787574753,1543.30581649695,-529.950784918892,0.645350229843658,-1831.27253228882,-5273.83089726438,236.730891032943,1546.35734633082,-2696.85341723455,-2167.5479825455,-529.3054346890484,2595.447081006236
Peru,PER,2022Q1,3898.72401552413,-2265.27838643153,-6764.19379256809,1403.48539975914,-3727.26276371635,0.0,-4881.12396989844,1258.367957456,-2.88576621539244,3276.13048568996,-2895.46410800787,831.798655708484,-3727.26276371635,-2541.75262013266
Peru,PER,2022Q2,1394.82605013115,-2041.03605064247,-3473.94660620501,1543.7634302221,-2576.39317649423,0.0,-1879.34168426574,418.992396303008,-172.324355060937,970.778824963934,-1975.03872008975,601.354456404475,-2576.39317649423,-1300.632163239506
Peru,PER,2022Q3,1690.12077712668,-2305.09735501289,-3662.60207014583,1361.96301374915,-2915.61563428289,0.0,-2500.24212553251,-1753.9600355351,-28.4861959143117,-2471.26025370532,-4921.97593891723,-2006.36030463435,-2915.61563428289,1846.106963971967
Peru,PER,2022Q4,3346.91697766484,-2265.08247757622,-3302.20139545492,1467.46174855002,-752.905146816287,0.0,-2528.03038213254,1074.85166444001,-109.801910585001,523.206786641483,-4089.86671390605,-3336.96156708976,-752.905146816287,-3079.7916193309
Peru,PER,2023Q1,4107.51381679062,-2142.42392492874,-4860.53912721632,1561.09415461079,-1334.35508074366,0.0,-1139.22449250434,1267.18223883328,-139.106866891994,-1195.73357118502,-1094.83879757809,239.516283165573,-1334.35508074366,62.40918479808178
Peru,PER,2023Q2,4027.63875773842,-1784.52747305294,-3814.56810881562,1756.50099592553,185.04417179538,0.0,100.808946311956,1783.33276563182,-262.564118013096,-1653.39586530196,360.154906338733,175.110734543353,185.04417179538,418.7469135576544
Peru,PER,2023Q3,3515.57257301086,-1831.81890688354,-3333.69274476109,1724.42619235046,74.4871137166883,0.0,-1963.57666660194,1478.59161474596,95.6834960375493,1938.89638387813,-282.763784340332,-357.250898057021,74.4871137166883,-1837.51977098803
Peru,PER,2023Q4,5499.15014108095,-2196.78949451472,-3120.97480132608,1775.37208206911,1956.75792730927,0.0,139.060947156082,1600.79526796718,-0.611936369846621,-1207.2083556827,-871.690249109261,-2828.44817641853,1956.75792730927,-1414.999579880218
Peru,PER,2024Q1,4757.86502168958,-1943.88062733843,-4139.29851234792,1865.04364492832,539.729526931536,0.0,-2605.47452518029,916.852882556936,-100.363508431269,70.1259372076847,969.596561563054,429.867034631518,539.729526931536,2704.395551890121
Peru,PER,2024Q2,5120.71264266494,-1658.18262390459,-4049.89368383219,2006.12063513054,1418.7569700587,0.0,-582.11643973073,2419.83272036902,70.6395723521308,175.448228643526,-517.109935946055,-1935.86690600476,1418.7569700587,-2597.363422576067
Peru,PER,2024Q3,7027.79302738167,-1896.5308932628,-5017.77498181349,1909.84054784158,2023.32770014696,0.0,-505.956022050238,-5007.97740619999,-60.4589004812001,1026.53901498971,2874.85288555828,851.525185411326,2023.32770014696,7410.302739159719
Peru,PER,2024Q4,7174.20417922724,-2417.06485942448,-4171.70243010653,1822.72796315232,2408.16485284855,0.0,-1932.31370820655,1580.03832998252,-48.1751962016271,2592.13642221753,1731.25870423187,-676.906148616678,2408.16485284855,-437.5488963011771
Paraguay,PRY,2000Q1,226.89544819575,-36.245,-281.40035758535,44.5775,-46.1724093896,0.0,-24.4,-0.5,0.0,-161.77271497219,-275.73271497219,-229.56030558259,-46.1724093896,-174.7440201004792
Paraguay,PRY,2000Q2,285.815684174851,-57.935,-275.625716269364,43.0775,-4.66753209451008,2.0,-24.5,-0.5,0.0,-9.79243392463329,-1.99243392463329,0.67509816987679,-2.66753209451008,17.47791254027245
Paraguay,PRY,2000Q3,252.06942723503,-56.305,-289.143699106362,44.5775,-48.80177187133,1.0,-24.5,-0.5,0.0,-26.0949865977683,-214.544986597768,-166.743214726438,-47.80177187133,-167.0693752304049
Paraguay,PRY,2000Q4,135.83092960325,-60.445,-267.439727038924,44.5775,-147.47629743567,0.0,-24.5,-1.0,0.0,-31.0124079154077,-51.7124079154077,95.7638895202623,-147.47629743567,-11.78956703415916
Paraguay,PRY,2001Q1,187.004871197315,-22.88,-241.709045572538,41.625,-35.959174375223,3.75,-18.9,0.125,0.0,238.983334291612,63.708334291612,95.917508666835,-32.209174375223,-141.068046434578
Paraguay,PRY,2001Q2,268.422279932211,-43.31,-214.245862888983,41.625,52.491417043227,3.75,-15.2,-0.208333333333333,0.0,12.054870859742,78.7465375264087,22.5051204831817,56.241417043227,71.6306309800458
Paraguay,PRY,2001Q3,250.123449407969,-44.91,-244.513543700827,41.625,2.324905707142,3.75,-26.6,-0.308333333333333,0.0,-71.7139812904986,-108.822314623832,-114.897220330974,6.074905707141999,-9.35087167963115
Paraguay,PRY,2001Q4,179.479631849179,-49.06,-222.823047837652,41.625,-50.7784159884729,3.75,-9.0,-0.208333333333333,0.0,-49.5646490775232,-19.1729824108565,27.8554335776164,-47.0284159884729,31.8140771950592
Paraguay,PRY,2002Q1,284.600524662515,-36.555,-186.633012180887,21.9,83.3125124816281,1.0,162.2,0.0,0.0,178.414442250694,202.214442250694,117.901929769066,84.3125124816281,-147.3039940887139
Paraguay,PRY,2002Q2,367.66539058299,-48.24,-142.016249182247,25.9,203.309141400743,1.0,-154.2,0.1,0.0,-109.08325598646,-252.48325598646,-456.792397387203,204.309141400743,8.895122144342386
Paraguay,PRY,2002Q3,370.198536139864,-31.26,-154.738552928373,34.05,218.249983211491,1.0,-7.5,0.0,0.0,101.298988800805,79.698988800805,-139.550994410686,219.249983211491,-20.83201083958648
Paraguay,PRY,2002Q4,219.087711259136,-23.5222712594187,-114.667685708493,34.05,114.947754291224,1.0,-6.4,0.0,0.0,68.910790354962,120.510790354962,4.563036063738,115.947754291224,36.73254196905539
Paraguay,PRY,2003Q1,250.463663831485,-32.4605176619757,-295.971792193845,39.525,-38.443646024336,3.75,7.7,-0.4,0.0,-144.446158373314,-85.946158373314,-51.252512348978,-34.693646024336,58.08084763246995
Paraguay,PRY,2003Q2,429.072672341717,-30.8609891591703,-283.809555250469,37.525,151.927127932081,3.75,-73.4,0.6,0.0,-30.3028427159275,-25.9028427159275,-181.579970648009,155.677127932081,75.92177028954202
Paraguay,PRY,2003Q3,270.784949982678,-25.461527784728,-292.439135073047,42.525,-4.59071287510002,3.75,-8.5,0.2,0.0,18.8391578122469,49.0391578122469,49.8798706873469,-0.8407128751000199,21.5790261186915
Paraguay,PRY,2003Q4,167.745996754931,-28.836441205196,-275.716789375494,44.925,-91.8822338257591,3.75,49.3,0.0,0.0,-213.215022643007,-29.515022643007,58.6172111827521,-88.1322338257591,80.4319473915091
Paraguay,PRY,2004Q1,354.095618349085,-18.545,-302.254425092872,47.925,81.22119325622,4.0,42.1,0.1,0.0,75.0809444906148,151.380944490615,66.159751234395,85.22119325622,89.01731001504767
Paraguay,PRY,2004Q2,386.69715499076,-11.465,-317.037815222392,45.025,103.21933976837,4.0,-116.279,0.0,0.0,157.441181394668,113.562181394668,6.342841626298,107.21933976837,99.6963795611804
Paraguay,PRY,2004Q3,245.07365995626,-16.645,-313.896693747833,45.625,-39.8430337915699,4.0,-21.0,0.0,0.0,-123.983490523982,-41.683490523982,-5.8404567324121,-35.8430337915699,103.3703793882532
Paraguay,PRY,2004Q4,160.96585522371,-22.085,-348.913353579743,55.625,-154.40749835603,4.0,67.5,0.0,0.0,-108.631261361301,-71.831261361301,78.576236994729,-150.40749835603,-18.89064744760377
Paraguay,PRY,2005Q1,405.62993210251,-21.0885920106147,-331.765878207745,47.125,99.90046188415,5.0,74.7,0.0,0.0,80.096045859732,185.196045859732,80.295583975582,104.90046188415,27.54334222484987
Paraguay,PRY,2005Q2,332.06453825788,-27.0929522643889,-329.797168096661,47.825,22.9994178968301,5.0,-159.8,0.0,0.0,-126.590996914888,-187.370996914888,-215.370414811718,27.9994178968301,101.9986384910135
Paraguay,PRY,2005Q3,195.14992887697,-11.6474234829204,-345.736084335283,68.625,-93.6085789412298,5.0,-2.5,0.0,0.0,-75.6277645158554,-77.1277645158554,11.4808144253744,-88.6085789412298,2.098195561599505
Paraguay,PRY,2005Q4,212.77530190163,-2.9037313188284,-366.893709305503,60.225,-96.7971387226999,5.0,52.1,0.0,0.0,-393.666160928991,-325.966160928991,-234.169022206291,-91.7971387226999,31.58045071528232
Paraguay,PRY,2006Q1,320.49063925629,-16.3488033575183,-301.181036643787,95.2,98.1607992549801,7.0,27.0,0.0,0.0,53.7423156881963,135.442315688196,30.2815164332159,105.1607992549801,52.69508014085245
Paraguay,PRY,2006Q2,308.88526799267,-22.5907319354233,-308.79586659688,102.6,80.0986694603701,7.0,-76.0,0.0,0.0,57.4552600898461,79.5552600898461,-7.54340937052399,87.0986694603701,97.11859563145627
Paraguay,PRY,2006Q3,303.31793957287,-3.10447557400441,-345.73600119345,87.9,42.3774628054199,7.0,-56.0,0.0,0.0,-46.3333342910349,-18.0333342910349,-67.4107970964548,49.3774628054199,86.79601269390947
Paraguay,PRY,2006Q4,164.57084051047,6.64359475344121,-365.025224610683,140.3,-53.51078934677,9.0,-9.2,0.0,0.0,-135.937913487008,4.56208651299199,49.072875859762,-44.51078934677,146.1210783102396
Paraguay,PRY,2007Q1,224.02693677706,-4.73526285475121,-234.828998710215,95.411,79.8736752121,7.0,-78.6,0.0,0.0,-25.677609095811,94.022390904189,7.14871569208901,86.8736752121,199.8459160029822
Paraguay,PRY,2007Q2,420.55768543598,-4.0989028851625,-257.166875326325,95.625,254.91690722449,7.0,-79.8,0.0,0.0,-35.0289938290129,133.671006170987,-128.245901053503,261.91690722449,249.8554295888701
Paraguay,PRY,2007Q3,417.59104290102,20.345025313027,-259.826582746695,74.625,252.73448546735,7.0,-53.3,0.0,0.0,25.700391843249,0.800391843249001,-258.934093624101,259.73448546735,-72.8358523662181
Paraguay,PRY,2007Q4,297.74151588595,28.668341648935,-242.595315726345,107.625,191.43954180854,7.0,9.4,0.0,0.0,-188.350197918425,73.249802081575,-125.189739726965,198.43954180854,248.1472938466328
Paraguay,PRY,2008Q1,298.5651383061227,-40.95467447326698,-295.6341624070881,92.2,54.17630142576718,12.0,-46.85162803702794,-10.0,0.0,393.7938863139435,473.7772582769156,407.6009568511484,66.17630142576718,137.5390783100085
Paraguay,PRY,2008Q2,622.7710996938781,2.513603287031287,-304.5256937570707,98.2,418.9590092238386,7.0,-232.4030911588746,-10.0,0.0,-251.5685341999528,56.91837464117259,-369.040634582666,425.9590092238386,551.1986208709109
Paraguay,PRY,2008Q3,78.99936428571164,21.20456610965488,-314.1306327756092,59.80000000000001,-154.1267023802429,7.0,-107.8872683645637,-10.0,0.0,-29.32145469006728,-358.608723054631,-211.4820206743881,-147.1267023802429,-211.0348522351258
Paraguay,PRY,2008Q4,-19.91228351020391,-14.9353501778474,-289.6892600083521,94.03,-230.506893696403,7.0,35.02506965329286,-10.0,0.0,-87.02384339405225,-143.9987737407594,79.50811995564365,-223.506893696403,-81.69366416416877
Paraguay,PRY,2009Q1,464.268837966122,-21.83558881179243,-289.6600946496167,110.75,263.5231545047132,10.0,149.1880421214687,-38.0,0.0,249.3242451713708,383.9122872928394,110.3891327881263,273.5231545047132,23.51808058996081
Paraguay,PRY,2009Q2,445.9420096087752,41.84246483067233,-292.6890524875711,137.75,332.8454219518769,12.0,-84.08549831756056,-38.0,0.0,229.4789947668695,401.2934964493089,56.448074497432,344.8454219518769,293.9576924555875
Paraguay,PRY,2009Q3,237.3465697927552,27.14914784169216,-307.0212825616324,76.95,34.4244350728145,13.0,-111.8892827526159,-38.0,0.0,-229.8447914839793,-31.33407423659526,-78.75850930940976,47.4244350728145,360.232306926819
Paraguay,PRY,2009Q4,-70.22100507744881,15.68153014633774,-295.5392056415764,108.45,-241.6286805726872,12.0,-55.06051996846283,-38.0,0.0,24.33766336849038,180.7771434000276,410.4058239727148,-229.6286805726872,249.5343303446209
Paraguay,PRY,2010Q1,390.6568007921949,-57.42765909066185,-353.9467829183574,87.08500000000001,66.36735878317586,12.0,-251.6721189677795,44.5,0.0,200.2381607332731,-29.53395823450641,-107.9013170176823,78.36735878317586,-22.57131278755589
Paraguay,PRY,2010Q2,426.8973693150556,-40.82442873332676,-341.2134982252801,110.1,154.9594423564486,8.0,2.839592803968628,44.5,0.0,14.39157302516965,140.9311658291383,-22.02827652731028,162.9594423564486,79.22737144331349
Paraguay,PRY,2010Q3,101.01530634137,-3.965187980006533,-368.6684837811754,121.3,-150.3183654198119,10.0,-174.1816032576557,44.5,0.0,114.0711530048462,23.18954974719048,163.5079151670024,-140.3183654198119,38.83272654367978
Paraguay,PRY,2010Q4,-118.9053530430956,-33.58489505423057,-376.0739058869549,149.0,-379.5641539842814,10.0,-105.5984496045451,44.5,0.0,-189.5417074814547,-26.84015708599978,342.7239968982816,-369.5641539842814,223.8403507575451
Paraguay,PRY,2011Q1,185.1236777112204,-91.95299122228305,-339.9095418877396,139.44,-107.2988553988025,10.0,-251.1460393964165,-0.75,0.0,310.860862090552,229.7648226941356,327.0636780929381,-97.2988553988025,170.8455172914742
Paraguay,PRY,2011Q2,372.4036275265303,-57.8741708211183,-382.0209208552407,153.27,85.77853585017101,10.0,-225.7452021089889,-0.75,0.0,-352.9213910280718,-45.41659313706066,-141.1951289872317,95.77853585017101,534.0547588923395
Paraguay,PRY,2011Q3,352.1501312653099,-9.44864374156083,-395.9599768837896,163.76,110.5015106399592,10.0,-0.3491178494194003,-0.75,0.0,177.7120153188701,191.4128974694507,70.91138682949153,120.5015106399592,14.87062475621698
Paraguay,PRY,2011Q4,-126.49932611636,-18.76813980126343,-339.5500090816197,167.1,-317.7174749992432,10.0,-108.8716586447225,-100.75,0.0,-130.9048055599987,-276.0264642047212,31.69101079452207,-307.7174749992432,64.54494156205548
Paraguay,PRY,2012Q1,95.77266942346932,-74.94390733837898,-374.9282426160817,126.1789923740906,-227.9204881569012,12.0,-449.9852245009675,-46.25,0.0,513.4256614678422,-196.8395630331252,19.08092512377598,-215.9204881569012,-214.0103063869927
Paraguay,PRY,2012Q2,356.6791759438774,-46.8899060595939,-383.7714666421817,102.7482862114568,28.76608945355883,15.0,-115.9019078471625,-46.25,0.0,-161.4652643467599,-313.6171721939223,-357.3832616474812,43.766089453558834,10.01544004025709
Paraguay,PRY,2012Q3,153.1123284642877,-69.52461126273346,-361.7500976133817,156.0118775071636,-122.1505029046643,12.0,-195.9952513527873,-46.25,0.0,-56.31179243506182,-339.5570437878491,-229.4065408831848,-110.1505029046643,-40.98572715365405
Paraguay,PRY,2012Q4,-74.7503444641352,-2.151064750178477,-375.5165996437817,168.4344292876821,-283.983579570413,12.0,-204.7812894245172,-546.25,0.0,104.3784221837732,-426.1528672407441,-154.1692876703311,-271.983579570413,220.5097050499462
Paraguay,PRY,2013Q1,281.0645569489798,-110.077583530769,-399.1916864994176,129.1363570683343,-99.0683560128723,14.4,-141.4661948386587,-458.5,0.0,-10.60116377936022,254.332641381981,339.0009973948534,-84.6683560128723,864.907607779474
Paraguay,PRY,2013Q2,846.0123219591801,-54.69818725467604,-421.7162468308176,134.9274506256144,504.5253384993002,18.0,149.215529589075,41.5,0.0,334.5960480917243,610.9115776807993,88.38623918149904,522.5253384993002,85.60930753922241
Paraguay,PRY,2013Q3,537.7619892755101,-45.68567127313531,-442.8964276127177,146.5605638976696,195.740454287326,14.4,3.260536454623832,41.5,0.0,90.88438910695758,245.6449255615814,35.50447127425545,210.140454287326,110.0085190298897
Paraguay,PRY,2013Q4,-48.39200027057041,-36.10390413165209,-361.2143558813177,179.3458016330479,-266.3644586504924,14.4,51.93058282950984,41.5,0.0,-282.140465997404,-213.5098831678942,38.45457548259824,-251.9644586504924,-24.79073967296725
Paraguay,PRY,2014Q1,611.5288722689247,-65.6135666675275,-406.1675429319701,110.5411684309629,250.2889311003896,22.0,-43.79126316439738,-323.0,0.0,799.2956633224229,560.0644001580256,287.775469057636,272.2889311003896,127.5731418695638
Paraguay,PRY,2014Q2,916.494510857523,-0.9636730304574144,-411.4081299212701,109.5666473005076,613.6893552063034,25.0,-119.5182932391358,-23.0,0.0,115.606436190724,306.2881429515882,-332.4012122547152,638.6893552063034,333.2140314920277
Paraguay,PRY,2014Q3,-71.60976698648983,-35.15464434333148,-388.8767382626701,114.0386159458976,-381.6025336465941,47.0,-45.30947162588954,-1023.0,0.0,-226.9739080838306,-446.3833797097201,-111.780846063126,-334.6025336465941,848.9112101358544
Paraguay,PRY,2014Q4,-509.2719595753347,-51.0466361189263,-373.0830776643701,133.2579690403826,-800.1437043182486,47.0,-32.25699287421452,-23.0,0.0,-347.4924937945465,-581.349486668761,171.7942176494877,-753.1437043182486,-178.5940295640793
Paraguay,PRY,2015Q1,411.1340057550847,-1.941174726168811,-387.4513255738,100.3256728264731,122.0671782815894,35.0,-158.0289735897104,-12.5,0.0,39.92025092861618,-271.5087226610942,-428.5759009426835,157.0671782815894,-140.8944663937076
Paraguay,PRY,2015Q2,176.1896693728522,15.98043527149076,-344.4773529851,109.6694499621436,-42.63779837861284,25.0,-129.2355036294914,-292.5,0.0,303.0521849906619,282.2166813611705,299.8544797397834,-17.637798378612842,400.9029688601977
Paraguay,PRY,2015Q3,64.8327077610652,144.3329114218691,-384.9014088444999,117.717341991687,-58.0184476698787,47.0,-23.82573532205827,-12.5,0.0,360.142242183348,-214.8834931387103,-203.8650454688316,-11.018447669878697,-538.6946695606063
Paraguay,PRY,2015Q4,66.65696389685081,51.82311965514498,-332.4267801053,116.6948780413922,-97.25181851191157,47.0,-9.568197653707015,-12.5,0.0,-21.76994029773753,-324.8381379514445,-274.586319439533,-50.251818511911566,-280.9947470715138
Paraguay,PRY,2016Q1,679.1652507404806,39.34294022659947,-382.3926235447804,118.3612563519386,454.4768237742383,37.5,-343.8356022419892,-489.25,0.0,494.5039419557803,20.11833971379104,-471.8584840604472,491.9768237742383,373.1578942648248
Paraguay,PRY,2016Q2,888.6650306693605,111.1912430022894,-309.4032308240234,142.7727631263473,833.2258059739738,27.5,-88.31719479143567,10.75,0.0,453.6808426202018,625.6136478287661,-235.1121581452077,860.7258059739738,249.5021603569936
Paraguay,PRY,2016Q3,648.7149651414384,93.44699059781924,-385.9273442485013,158.1775645456987,514.4121760364551,49.0,-93.82524100065376,10.75,0.0,20.39121886823975,52.11597786758598,-511.2961981688691,563.4121760364551,114.8070634538556
Paraguay,PRY,2016Q4,-96.81269317241686,12.18759150233217,-241.1302609043435,185.7756021261403,-139.9797604482878,49.0,146.8949280220948,210.75,0.0,-254.8608751460674,337.2840528760274,428.2638133243153,-90.9797604482878,234.5099109886616
Paraguay,PRY,2017Q1,778.6912164457062,78.64885504007157,-368.3936234514874,115.7734167288836,604.719864763174,39.375,30.92024821266352,-496.5,0.0,694.0907719147613,842.2810201274248,198.1861553642508,644.094864763174,613.8053638336003
Paraguay,PRY,2017Q2,188.9914032723182,86.53804269495527,-336.7388473609894,165.1309191555733,103.921517761858,27.5,-266.1098132089003,3.5,0.0,-89.12553394614741,-179.7653471550478,-311.1868649169057,131.421517761858,172.0197044495384
Paraguay,PRY,2017Q3,680.0935799508306,139.783528930454,-302.6273157187319,138.696608890108,655.9464020526611,50.47,18.75362461591182,3.5,0.0,148.8044296196336,223.4580542355454,-482.9583478171157,706.4164020526612,52.48628938247581
Paraguay,PRY,2017Q4,43.28376114654338,77.4803267974088,-334.6097814354308,160.630139036927,-53.21555445455078,49.0,-13.5066649326408,3.5,0.0,-163.0542086562925,-134.1608735889333,-129.9453191343825,-4.215554454550777,38.98512480039275
Paraguay,PRY,2018Q1,359.6178560710368,-6.13803280931927,-405.7031981400157,168.8939329274319,116.6705580491343,35.4375,94.670387320117,-528.0,0.0,545.6644860291017,720.6748733492187,568.5668153000844,152.10805804913429,608.4548987673014
Paraguay,PRY,2018Q2,432.6070298074856,58.35417234124327,-317.2249921435676,184.847219151042,358.5834291562028,24.75,-70.86386646937947,2.0,0.0,114.2543111591787,-290.2895553102007,-673.6229844664035,383.3334291562028,-335.5591375560221
Paraguay,PRY,2018Q3,-164.8411166630426,22.50921074223766,-377.3450382967914,137.578346613515,-382.0985976040815,45.423,-202.224080208403,3.0,0.0,-187.2489340615304,-842.8630142699334,-506.1874166658519,-336.6755976040815,-456.2483035381762
Paraguay,PRY,2018Q4,-50.87983891055819,18.39785195403886,-299.9396121300446,149.0500919975499,-183.3715070890139,47.0,-243.9096349571677,3.0,0.0,-417.0550761109856,-657.2547110681533,-520.8832039791394,-136.3715070890139,0.8559870683364318
Paraguay,PRY,2019Q1,306.6715987062262,33.51521202342485,-282.6701541902634,127.5064822470264,185.0231387864137,37.209375,-242.1004711025726,-477.25,0.0,7.317640602253846,-381.5348305003187,-603.7673442867324,222.2325137864137,330.6624132606718
Paraguay,PRY,2019Q2,329.2700627518516,53.9230496839487,-261.8734736594747,156.6716679381507,277.9913067144762,25.9875,-97.13732508439446,22.75,0.0,695.0143912938736,226.8370662094791,-77.14174050499707,303.9788067144762,-393.6271475262331
Paraguay,PRY,2019Q3,-156.4775464029003,45.54652498636744,-326.3311580772911,149.013408257434,-288.24877123639,40.8807,-93.86852735702011,22.75,0.0,-126.2316177186264,-323.9401450756466,-76.57207383925657,-247.36807123639,-126.4303482363983
Paraguay,PRY,2019Q4,-269.1686441197312,28.3598107593923,-290.3320099214334,144.0819346367703,-387.0589086450027,47.0,215.713255322469,22.75,0.0,-101.9424001549362,271.5308551675328,611.5897638125355,-340.0589086450027,135.1435134159298
Paraguay,PRY,2020Q1,205.9727309563859,-15.23472243030363,-324.7799948285177,125.0649636675652,-8.977022634870536,39.06984375,-30.58164785311828,-801.9649330318942,0.0,501.4110536775124,246.5087687925,216.4159476773705,30.09282111512946,577.7590158686851
Paraguay,PRY,2020Q2,427.6846160394675,-6.99636452829273,-269.5061923603178,96.0331176065105,247.2151767573673,40.280625,-287.8071655226451,-1001.964933031894,0.0,269.1831023244818,-63.8595912300575,-351.3553929874248,287.4958017573673,956.7762825310364
Paraguay,PRY,2020Q3,354.8254942937306,65.72320791493459,-341.1000427856997,167.3584858170885,246.8071452400541,42.10712100000001,2.60549285298066,-1.964933031894303,0.0,491.912887138708,197.3776559597944,-91.53661028025972,288.9142662400541,-295.1648360937996
Paraguay,PRY,2020Q4,246.524265,87.92888320013418,-281.359937988922,134.7340956096798,187.827305820892,50.29000000000001,80.1491936426988,-362.9649330318943,0.0,-628.2029680817475,-345.005058470943,-583.1223642918351,238.11730582089203,566.0270320209543
Paraguay,PRY,2021Q1,339.6431210768474,-24.21743229715816,-353.5404439860262,121.4161130946101,83.30135788827329,43.44566625000001,237.2500321794509,-192.5143852479373,0.0,166.1163962012932,733.7899511328068,607.0429269945334,126.7470241382733,522.9523553099783
Paraguay,PRY,2021Q2,784.2578388418679,27.06786586976045,-370.2488333416364,140.2905848468589,581.3674562168512,100.7015625,-223.7751530495121,3.837614752062713,0.0,388.6818347517835,512.1541624543341,-169.9148562625171,682.0690187168512,343.4167380517114
Paraguay,PRY,2021Q3,226.5413784984435,-28.53164436221084,-388.4716478029738,126.455015327888,-64.0068983388528,41.68604979000001,-290.4149795439944,3.837614752062713,0.0,61.88547216109956,-716.4707846308321,-694.1499360819793,-22.320848548852794,-216.7662237831449
Paraguay,PRY,2021Q4,-694.7096992278839,-112.1854527572094,-369.1345463749489,145.8429773469051,-1030.186721013136,31.63241,86.03867435148467,3.837614752062713,0.0,-1456.846672866748,-1148.520013763201,-149.9657027500649,-998.554311013136,-52.5773711136793
Paraguay,PRY,2022Q1,-443.0381624096717,-206.723547164238,-374.920494333908,144.1319868344904,-880.5502170733271,67.34078268750001,-513.5729812530777,-214.821,0.0,163.6791198018973,-948.8381804511804,-135.6287460653534,-813.2094343858271,-384.1549476570493
Paraguay,PRY,2022Q2,21.90170421450284,-130.4883566401908,-337.5717135435673,132.6012387667449,-313.5571272025118,33.67039134375,-145.9130319027129,0.0,0.0,-856.8663688858308,-1005.769354788544,-725.8826189297819,-279.8867358587618,-3.125619823567025
Paraguay,PRY,2022Q3,-645.1893567676984,8.224612989800335,-354.0001389008744,125.0242299121635,-865.9406527666088,16.835195671875,-91.5478368669002,0.0,0.0,-357.7490153111253,-372.0803471780256,477.0251099167082,-849.1054570947338,76.80402866008708
Paraguay,PRY,2022Q4,-783.1262117106708,61.15923551623746,-304.4815655783975,138.125804355136,-888.322737417694,41.122133,-52.28941057154929,0.0,0.0,-725.2787393045712,-601.9489938761205,245.2516105415735,-847.2006044176941,174.7157601835416
Paraguay,PRY,2023Q1,140.0008222682163,-68.26971045291157,-396.1593302220535,170.7250410307284,-153.70317737602,60.60670441875001,168.5652681255966,237.59,0.0,284.7458018404149,514.1924234207197,607.2888963779897,-93.09647295726998,-176.817764507381
Paraguay,PRY,2023Q2,673.308258287956,-54.2847935400747,-426.4044798569511,165.4011364086264,358.0201212995562,43.77150874687501,-149.4888770765895,0.0,0.0,-35.68037941404098,-114.4593590304415,-516.2509890768727,401.7916300464312,71.68238350770936
Paraguay,PRY,2023Q3,54.06846649154295,2.333180156291405,-369.1170680168926,164.9745368984777,-147.7408844705797,25.2527935078125,-168.695765627201,-429.736,0.0,-356.8694804914109,-689.5362970208316,-567.0482060580645,-122.48809096276719,268.2923887403504
Paraguay,PRY,2023Q4,-84.3197572711615,70.49080873144271,-394.6130177348118,175.2687219767095,-233.1732442978209,41.122133,-174.3063409044159,0.0,0.0,-336.8031923643808,-314.2253046058996,-122.1741933080787,-192.0511112978209,194.8403470779927
Paraguay,PRY,2024Q1,8.737501766302557,-21.28058788352575,-424.8853735023624,180.9920145078984,-256.436445111688,54.54603397687502,115.3381909412314,-875.2,0.0,180.5845522362759,-399.7467774937398,-197.8563663589268,-201.89041113481295,182.9411612474993
Paraguay,PRY,2024Q2,195.0064701950646,23.65370710685033,-429.4633411346327,191.449172784495,-19.35399104822318,61.28011224562501,-223.8889087301869,0.0,0.0,391.81298019372,9.352222563581137,-32.57389863382069,41.926121197401834,-157.9014016123164
Paraguay,PRY,2024Q3,-332.73648361506,38.61514483187614,-293.3851751153381,224.0301077932112,-363.476406105312,35.35391091093751,13.2548502195349,0.0,0.0,-310.508871239939,-797.6560562337983,-469.5335610394238,-328.1224951943745,-499.7048313050582
Paraguay,PRY,2024Q4,-965.05560507754,71.58639332738107,-346.4456494389511,213.1397095542286,-1026.775151634881,69.08518344000001,-239.8262199616132,0.0,0.0,-724.2642762511194,-977.3605832649796,-19.67061507009896,-957.689968194881,-12.697592706324
Uruguay,URY,2000Q1,-272.630184243197,359.830340851773,-17.193248,6.8529391146632,76.8598477232389,0.0,-66.37215,206.629462,0.0,-216.52275,-46.8248280531077,-123.684675776347,76.8598477232389,30.35606582550275
Uruguay,URY,2000Q2,-197.400322126063,4.01877564307213,1.45691,7.00332296671792,-184.921313516273,0.0,-68.57215,-126.008216,0.0,-270.51875,-399.287958399383,-214.36664488311,-184.921313516273,65.97524719977861
Uruguay,URY,2000Q3,-159.624416890753,-12.0404964871867,-38.826211,6.80487146413642,-203.686252913803,0.0,-61.91215,-7.223901,0.0,-209.10075,-238.075346518566,-34.3890936047629,-203.686252913803,41.84461162768624
Uruguay,URY,2000Q4,-297.667817055558,42.4282592923417,-6.146705,6.81137227538842,-254.574890487828,0.0,-70.95215,-264.828145,0.0,389.98625,141.089471687886,395.664362175714,-254.574890487828,86.71062650708363
Uruguay,URY,2001Q1,-152.888132077709,282.944287620008,-9.39623483031151,7.294915695,127.954836406988,0.0,-73.7692332362577,-379.978408592106,0.0,330.939433388,-63.6157747134031,-191.570611120391,127.954836406988,60.73799721363716
Uruguay,URY,2001Q2,-209.156473052896,-4.76142740192834,-17.4145356680547,7.394915695,-223.937520427879,0.0,-73.6773446162577,-102.330158699322,0.0,94.9896332480003,-84.335221686739,139.60229874114,-223.937520427879,-2.774664011401361
Uruguay,URY,2001Q3,-197.283369191318,-7.95678883705366,-53.0494740663685,7.394915695,-250.89471639974,0.0,-71.4910689962577,119.913028470857,0.0,-143.896376642,-226.106471226638,24.788245173102,-250.89471639974,-132.2378988965039
Uruguay,URY,2001Q4,-215.993839238286,45.6104511655235,12.0375265141246,7.594915695,-150.750945863638,0.0,-71.6936674562577,-145.312037326615,0.0,26.221689088001,161.475280655799,312.226226519437,-150.750945863638,353.4810462183218
Uruguay,URY,2002Q1,-31.1794059700953,150.094312212511,66.7066757799213,14.89125,200.512832022337,0.0,-58.9830577285187,96.0148733700001,0.0,285.249307201318,-584.612687113481,-785.125519135818,200.512832022337,-1076.295659617091
Uruguay,URY,2002Q2,-35.2600370259601,-12.1749659126305,50.9624857440736,17.26925,20.7967328054829,0.0,-46.5898557285187,-473.67021254,0.0,1036.84192607132,-205.601390958199,-226.398123763682,20.7967328054829,-1362.94756699364
Uruguay,URY,2002Q3,52.9667930979614,3.5205227556794,-29.732152337886,19.31625,46.0714135157548,0.0,-41.7351607285187,-45.5882233300001,0.0,-666.401494028682,-1490.3283636372,-1536.39977715295,46.0714135157548,-1513.948001118737
Uruguay,URY,2002Q4,61.7293093356094,11.8394351419754,20.6968919033052,20.30225,114.56788638089,0.0,-32.6998097285187,94.64664839,0.0,133.283705451318,232.933248072799,118.365361691909,114.56788638089,56.1065574532744
Uruguay,URY,2003Q1,2.0636373435002,107.620257370174,-150.329920934798,19.305037,-21.3409892211238,0.0,-100.130992388779,29.30369214,0.0,-238.811024429258,-295.346318338037,-274.005329116913,-21.3409892211238,-265.2292094954
Uruguay,URY,2003Q2,106.518752400454,1.68041868644464,-135.392980834798,20.842139,-6.35167074789894,2.108,-96.587545388779,265.0933302,0.0,251.798714570742,865.365814361963,869.609485109862,-4.243670747898939,465.1067245907654
Uruguay,URY,2003Q3,39.1540368965763,-6.2278440254792,-105.950914254798,20.6809835,-52.3437378837012,0.221,-104.284890388779,308.6408052,0.0,-242.425074429258,514.487225381963,566.609963265664,-52.122737883701205,368.9029643207834
Uruguay,URY,2003Q4,35.6922706592488,31.972565233208,-96.734020364798,21.84491697,-7.22426750234115,2.017,-100.327564388779,-291.99467288,0.0,-106.539914429258,-130.564084698037,-125.356817195696,-5.20726750234115,389.1449886126204
Uruguay,URY,2004Q1,6.28079816430128,212.897496718389,-202.619084977295,26.73414897,43.2933588753955,0.222,-77.4130825893991,-31.3746036195327,0.0,143.782518144094,191.601247935162,148.085889059767,43.5153588753955,17.3072359910884
Uruguay,URY,2004Q2,94.0705916799999,26.3392696961576,-110.814097977295,27.6287182,37.2244815988631,2.006,-66.9160825893991,590.046442660467,0.0,-331.054980085506,200.648071985562,161.417590386699,39.2304815988631,103.0703448821446
Uruguay,URY,2004Q3,54.60223304,12.8647367306162,-176.637366977295,28.44070275,-80.7296944566786,0.758,-79.6930825893991,-210.173155269533,0.0,-13.1227468288214,-200.213388687753,-120.241694231075,-79.9716944566786,-62.1055529754486
Uruguay,URY,2004Q4,-2.17057452999997,73.3805761832058,-97.9192329772946,30.04582104,3.33658971591139,2.333,-90.6300825893991,73.7506316604673,0.0,26.0331623011786,195.474661372247,189.805071656335,5.669589715911391,246.1121122367056
Uruguay,URY,2005Q1,-105.323325591137,232.362075451724,-182.998493134185,25.743751,-30.215992273598,0.169,-142.573886896479,41.1643504221378,0.0,260.498105431158,-237.169132043183,-207.122139769585,-30.046992273598,-255.1869481424923
Uruguay,URY,2005Q2,118.845832426824,13.1003185584127,-70.9451114809449,28.146895,89.1479345042908,0.377,-154.087886896479,-191.231385577862,0.0,35.2475008611585,146.158651466817,56.6337169625262,89.5249345042908,411.573229632663
Uruguay,URY,2005Q3,19.4591745816271,24.839692229921,-144.949931150181,28.109583,-72.5414813386345,0.93,-206.107885896479,-150.755075577862,0.0,314.443455621158,-19.9803277331827,51.6311536054518,-71.61148133863449,101.7020300535567
Uruguay,URY,2005Q4,-12.1621873899624,101.502400317359,-95.2619411744843,61.809326,55.8875977529109,2.357,-308.370885896479,-505.065501577862,0.0,258.588927701158,-16.9718856531824,-75.2164834060933,58.2445977529109,520.1030546584697
Uruguay,URY,2006Q1,-154.004033689207,251.512542553947,-155.975746277812,27.6949545225,-30.7722828905699,0.926,-340.72823466423,-802.64280673,0.0,1216.8090891076,103.01183523337,132.85811812394,-29.846282890569903,535.3091485577633
Uruguay,URY,2006Q2,24.7981875664599,49.5255680563,-87.607197095056,30.7373736225,17.4539321502101,2.344,-360.50923466423,37.59283327,0.0,-196.827631822408,-145.231463656638,-165.029395806848,19.7979321502101,247.2880146708887
Uruguay,URY,2006Q3,-165.57514749098,18.155789710902,-105.913728378622,32.2359713725,-221.09711478621,0.911,-407.68723366423,-821.51601873,0.0,1085.81840935759,-440.280937086639,-220.094822300429,-220.18611478621,624.8145869509665
Uruguay,URY,2006Q4,-203.87006260193,89.554308084543,-78.81652410369,35.6669162325,-157.46536238858,2.325,-385.59823366423,-99.82267773,0.0,553.590139317595,-54.386024566636,100.754337821944,-155.14036238858,959.9562089353806
Uruguay,URY,2007Q1,-151.8237458819,350.612791398364,-163.556099994078,31.391757,66.6247025223801,0.901,-439.804184423783,-218.721280060841,0.0,724.265673530563,436.811762645939,369.286060123559,67.5257025223801,371.0588709029899
Uruguay,URY,2007Q2,71.4977675373602,91.958713575098,-89.112611579592,33.681107,108.02497653287,2.31,-140.643184423783,-1078.96941606084,0.0,632.731544530561,-344.880235674063,-455.215212206933,110.33497653287,242.0037910419893
Uruguay,URY,2007Q3,-266.04933843493,95.670480294661,-132.869124742143,34.845005,-268.40297788241,0.155,-296.781186423783,-11.1794640608411,0.0,315.766036530561,-167.742747384063,100.505230498347,-268.24797788241005,-175.5457240254385
Uruguay,URY,2007Q4,-199.11050399546,165.200298201788,-130.344453123629,37.555841,-126.69881791731,0.342,-362.847185423783,158.342061939159,0.0,-783.616838469439,-420.230045254063,-293.873227336753,-126.35681791731,567.8891392660194
Uruguay,URY,2008Q1,-357.3795676453,413.353206742144,-246.0411510673,37.765748,-152.30176397046,0.139,-533.960643659912,187.081813567958,0.0,86.637393344915,421.045436072962,573.208200043422,-152.16276397046,681.2867309066139
Uruguay,URY,2008Q2,-577.31460078285,27.068193234128,-235.3578030673,35.106954,-750.49725661602,0.075,-667.357642659912,82.544055567958,0.0,-1226.891791943,-594.316603914954,156.105652701066,-750.4222566160199,1217.382237821358
Uruguay,URY,2008Q3,-339.06691241916,87.901243601235,-265.475924067299,41.88782,-474.75377288522,0.0,-473.367641659911,-106.597030432042,0.0,-160.677403716179,-370.407619868131,104.346153017089,-474.75377288522,370.1481692769487
Uruguay,URY,2008Q4,-440.44654397678,225.084069442646,-169.7110020673,33.636543,-351.43693360143,0.0,-441.914642659912,394.773891567958,0.0,-237.569967949252,-321.224848331207,30.212085270223,-351.43693360143,-36.49692588314239
Uruguay,URY,2009Q1,-165.58407389485,509.042396765173,-264.857254431794,32.165576,110.76664443853,0.0,-371.665848670755,531.78283559,0.0,-130.112045846863,606.665228932382,495.898584493852,110.76664443853,571.1247308704072
Uruguay,URY,2009Q2,70.7570472474699,101.557383560183,-239.996985879574,32.546725,-35.1358300719204,0.0,-357.509446029739,593.90878559,0.0,-532.963596456863,153.878368083397,189.014198155317,-35.1358300719204,444.6899823109681
Uruguay,URY,2009Q3,-166.73399491122,107.89793871588,-258.99271402183,33.13436556,-284.69440465717,0.0,-419.349873328706,-299.65409741,0.0,-652.192556106864,-773.76378238557,-489.0693777284,-284.69440465717,589.9943375870618
Uruguay,URY,2009Q4,-242.29660545789,306.278057409319,-276.40230387091,40.198977285,-172.22187463448,0.0,-363.656648400224,-4.80936541,0.0,822.319071283138,417.637304852915,589.859179487395,-172.22187463448,-45.15984832860756
Uruguay,URY,2010Q1,-152.79934363269,634.735560658926,-417.217087897371,36.51030262,101.22943174887,0.0,-610.177008653408,497.1817714325,0.0,896.223645479802,891.707616118894,790.478184370024,101.22943174887,102.3264162128318
Uruguay,URY,2010Q2,285.6901486027,118.995387144631,-353.249677897371,36.704138335,88.1399961849604,0.0,-531.244695303408,509.5586144325,0.0,766.883966509802,165.813885698894,77.6738895139336,88.1399961849604,-586.9303903864449
Uruguay,URY,2010Q3,3.80246635844016,103.431823526032,-422.955933897371,35.45297102,-280.2686729929,0.0,-439.294495313408,-95.6826575675,0.0,-131.795545950198,-417.455049401105,-137.186376408205,-280.2686729929,243.1999281256745
Uruguay,URY,2010Q4,-663.69661128569,300.070836727924,-307.675006897371,31.35895862,-639.94182283514,0.0,-768.065661533408,-228.4901205675,0.0,-921.931792920196,-2057.7486079011,-1417.80678506596,-639.94182283514,-145.7075197002827
Uruguay,URY,2011Q1,-570.04272317202,999.940847227907,-510.673807009735,35.4822417,-45.2934412538504,0.0,-690.546165630548,258.66882023,0.0,268.543396630228,-72.5632772703205,-27.2698360164701,-45.2934412538504,85.04164560116882
Uruguay,URY,2011Q2,-194.84895268446,106.22416518407,-393.320633586115,39.30971412,-442.635706966508,0.0,-718.147778980548,-781.55696877,0.0,-406.490138029772,6.02869179967999,448.66439876619,-442.635706966508,1903.287144818626
Uruguay,URY,2011Q3,-162.29842170336,136.602348215351,-415.988671745947,37.13917626,-404.545568973953,0.0,-622.711855260548,-507.37145277,0.0,260.381295500228,-439.396381730319,-34.8508127563668,-404.545568973953,424.8556176308634
Uruguay,URY,2011Q4,-503.34842532702,348.890846358606,-311.390441887241,43.717085001226,-422.130935854433,0.0,-479.492856410548,-945.55589177,0.0,174.091599231907,-1119.83543425864,-697.70449840421,-422.130935854433,124.4478901299668
Uruguay,URY,2012Q1,-212.928986325755,957.579953971495,-1016.21489094199,36.2695040560483,-235.294419240199,0.114207986600331,-553.624656197076,47.0728306557818,6.12488941918586,-62.7396788906839,422.237648071724,657.417859325323,-235.18021125359869,985.4856501030374
Uruguay,URY,2012Q2,287.67827556016,173.965523417161,-1004.03691594854,27.47502592423,-514.918091046994,0.898954525792331,-641.15872602286,-29.6383640555296,39.7806457132925,-579.718228154126,-450.15344019966,63.8656963215421,-514.0191365212017,760.6130701557353
Uruguay,URY,2012Q3,508.727125727111,-30.7048588070521,-920.526879142843,27.4451540224366,-415.059458200347,41.4279602632923,-577.950906925564,238.78932900951,15.2366745725579,-616.298321260979,-235.15082608535,138.480671851704,-373.63149793705475,705.1494328829181
Uruguay,URY,2012Q4,-235.595229744625,243.055605252247,-911.354877067604,32.7139816717193,-871.180519888263,77.3950871211678,-467.496559445883,-120.404451599689,2.47242315556857,-1514.78914545397,-1263.78407555195,-469.998642784856,-793.7854327670952,836.4341792896582
Uruguay,URY,2013Q1,-176.904810629866,535.932525189181,-769.964439067672,7.06192660117776,-403.87479790718,0.507300773055626,-707.277579479311,-240.695869275524,3.31173111483723,1338.34290723811,338.953607015075,742.321104149199,-403.36749713412433,-54.74385837864046
Uruguay,URY,2013Q2,815.671307871855,-229.971746213898,-887.278834786351,12.1201132321739,-289.459159896222,0.0011703778296245,-834.071472781892,-662.253506076331,0.558075454297814,-441.142567468555,-268.342121626496,21.1158678918964,-289.45798951839237,1668.607863660631
Uruguay,URY,2013Q3,441.166429433253,-267.925183980395,-743.879270632206,9.87185927984646,-560.766165899501,-4.41433219131937,-742.425997819474,-862.109990130432,-13.2858037957672,376.732203729288,-325.907914364254,239.272583726567,-565.1804980908203,915.1305681751566
Uruguay,URY,2013Q4,-201.547203384695,87.0844735910523,-663.800908736806,16.0677154739927,-762.195923056455,32.9418682437973,-761.367132512628,-98.5594694381997,3.69237106542754,-1106.37627056355,-1510.71985049542,-781.465795682766,-729.2540548126576,451.8794717075812
Uruguay,URY,2014Q1,-347.528726023967,387.793433761092,-922.835030288833,22.4905035544089,-860.079818997299,7.3104660812825,-600.746902206101,502.177964976347,-0.859033224407206,114.573305627028,165.063114059578,1017.8324669756,-852.7693529160165,149.90623959142
Uruguay,URY,2014Q2,1207.50323646763,-267.461041741084,-1018.83346942673,20.0614804866881,-58.7297942134874,8.7910297312825,-653.637590681341,-963.795452424869,-49.4344631617478,-399.706957949828,-39.82299117768,10.1157733045248,-49.9387644822049,2026.761606052131
Uruguay,URY,2014Q3,897.420583968773,-232.399096414681,-932.917747498632,13.9239777441136,-253.972282200426,19.2720897412825,-670.939468605256,330.534725883932,6.72029561714287,1030.69112814412,-4.81581070385073,229.884381755293,-234.70019245914352,-701.775731951536
Uruguay,URY,2014Q4,111.11877799265,71.8898301531174,-862.98913408799,14.3798970909027,-665.60062885132,31.3415102901244,-321.94724127368,-102.636166004055,8.35531642123518,-1055.68329284891,-1575.07683331145,-940.817714750255,-634.2591185611957,-103.1561158820093
Uruguay,URY,2015Q1,-264.77921405417,646.455693895309,-687.269613100224,11.0389999380202,-294.554133321065,25.5775770471537,-287.02175568613,-1065.90360975221,13.0777254918312,335.270036536138,143.840353156825,412.816909430736,-268.97655627391134,1148.289926725632
Uruguay,URY,2015Q2,795.948813361528,39.735354555982,-613.735130181323,14.2076149430799,236.156652679269,4.25841347044875,-105.120247889423,39.7141300964442,-65.4538010105907,534.324672940188,104.091816961956,-136.323249187761,240.41506614971775,-299.3719563509366
Uruguay,URY,2015Q3,613.351987521966,-19.8531658689035,-605.664917427634,28.5084157788836,16.3423200043117,82.1515525569374,-81.3027277756427,1314.13084543586,-25.6247525619584,230.02369063865,-363.788768529258,-462.282641090507,98.4938725612491,-1801.015115319139
Uruguay,URY,2015Q4,184.572289631261,237.418793945971,-541.267840281311,14.2383948407346,-105.038361863343,13.0450482428087,-301.255438391794,943.982414096289,13.2121551738455,-369.761613863833,-438.378714699573,-346.385401079038,-91.9933136205343,-724.5555068239354
Uruguay,URY,2016Q1,428.447883420024,622.939385271716,-782.504780584686,23.0588963455278,291.941384452582,17.646706720802,357.541023404502,966.245287189074,-4.83139774022605,568.473592250838,497.788980696079,188.200889522695,309.588091173384,-1389.51049655259
Uruguay,URY,2016Q2,789.278347464911,-50.0455646536332,-681.248034007218,13.5411534284644,71.5259022325245,21.2847596641117,689.526374607398,1134.00507526471,-4.84464755457667,-931.957452120738,348.165516085511,255.354854188875,92.8106618966362,-538.582474896318
Uruguay,URY,2016Q3,665.542409120471,60.9131544010555,-639.03594320664,19.8343395103708,107.253959825258,7.04563122985693,509.806728446536,-589.462313397765,-9.77821989210544,-390.102480429208,249.581746746566,135.282155691451,114.29959105511492,729.1183069170971
Uruguay,URY,2016Q4,166.728043803035,381.185576632063,-557.496125816343,13.1134795752925,3.5309741940473,3.95705328,266.533044621445,210.711056446639,25.038914232262,-431.222519919107,-891.12279352059,-898.610820994637,7.4880274740473,-962.2075473289252
Uruguay,URY,2017Q1,186.183770471158,949.918185164729,-1008.19461933105,25.3313306722392,153.238666977075,4.52791779173484,471.246479883952,1044.59294140488,-68.6937896865098,298.756655805304,952.684099287623,794.917514518813,157.76658476880985,-793.4922910949123
Uruguay,URY,2017Q2,807.252356765926,61.2133040229483,-798.572322155827,18.1998144612493,88.0931530942971,1.56641331648883,642.474750849426,-1064.68676139004,-93.3418560666834,-308.448081274188,453.25341791115,363.593851500364,89.65956641078593,1277.186976253882
Uruguay,URY,2017Q3,754.897167972507,99.5367167624734,-818.0756244336,29.6243581047556,65.9826184061367,1.82433011971504,509.296234282798,-1042.91567864351,-40.1737224881547,-318.262810804121,458.531525307011,390.72457678116,67.80694852585174,1350.724732418383
Uruguay,URY,2017Q4,208.246938421637,410.696180613216,-931.953821617132,13.0589575021363,-299.951745080142,11.6893361437693,414.323788697761,-1107.46167882664,-21.4592759027973,-848.745878858556,-949.290671130227,-661.028262193854,-288.2624089363727,613.8131087930522
Uruguay,URY,2018Q1,576.404474715383,923.99251181413,-1115.78840590338,30.0809190595427,414.689499685679,13.5618354608802,162.891176375257,-699.410345501258,28.4215915394476,1157.68991174505,1066.0238746649,637.772539518342,428.2513351465592,416.3968825116297
Uruguay,URY,2018Q2,713.081048953752,-61.851949763181,-841.800842909961,14.4752879926334,-176.096455726757,1.40605561800693,216.321335560292,-1655.46413939537,11.1665965773178,-256.074102268395,-263.286366256154,-88.5959661474041,-174.69040010875008,1420.684759107979
Uruguay,URY,2018Q3,519.008154854022,-67.5528369038173,-842.692762483034,28.2803272526558,-362.957117280173,26.8076696426438,159.795414128997,579.287647368978,-29.4008441363356,537.453311190995,-604.506579267366,-268.357131629836,-336.1494476375292,-1851.666765182935
Uruguay,URY,2018Q4,576.033260886877,98.3164096430783,-866.557996298001,16.1267242800972,-176.081601487949,3.87828040061225,190.229344856926,304.871523487719,-31.5611734615531,-807.894255875267,-738.021647002173,-565.818325914836,-172.20332108733675,-393.7993870696309
Uruguay,URY,2019Q1,723.101021858762,687.702122252636,-965.64507956368,23.8641291647671,469.022193712485,14.9157635923505,-362.514357014921,-636.38261033265,4.48443920528642,974.937324467944,733.133581035657,249.195623730821,483.9379573048355,752.5619281279193
Uruguay,URY,2019Q2,1012.72203675838,-83.8273257734677,-776.459101549451,18.4758319343821,170.911441369847,9.67267480958207,-338.72480370787,546.451197828041,10.0651382883328,636.292916663857,84.0578577598025,-96.5262584196267,180.5841161794291,-770.0287704114542
Uruguay,URY,2019Q3,771.473012113624,-24.6401916616301,-656.726511474889,16.2438295307414,106.350138507846,18.0023786450267,-433.005125536792,1355.44788536987,5.72809602313024,339.231566417343,-43.9112645464518,-168.263781699325,124.3525171528727,-1311.167144339186
Uruguay,URY,2019Q4,605.447806534787,87.0168741960579,-648.69942592055,13.0970169385201,56.8622717488151,-415.896589016125,-228.181760038014,-229.810718609215,-12.9695045362051,-358.300800386582,-611.162524960017,-252.128207692707,-359.0343172673099,218.1980823888902
Uruguay,URY,2020Q1,267.436087112241,529.103824843133,-807.647768650335,28.8455899686365,17.737733273676,12.0234016222222,720.81192094199,-992.714646291672,-101.9286521874,5.3204392333069,387.515796196225,357.754661300327,29.761134895898202,756.2322367288795
Uruguay,URY,2020Q2,793.314620156747,-102.553302724958,-486.66387284471,8.51225178282233,212.609696369901,17.6437771799803,-726.708917383908,1077.72876148511,61.3426871597414,-76.3926413661748,583.781242634767,353.527769084886,230.2534735498813,248.0814861486352
Uruguay,URY,2020Q3,576.851168971486,-69.6658120099222,-610.606608422667,10.0596689173206,-93.3615825437842,16.0301606878605,-722.439836798057,337.887402592027,63.6652001723108,-174.54023164154,633.754202324741,711.085624180664,-77.3314218559237,1129.169279656335
Uruguay,URY,2020Q4,619.41462780449,-136.777634766428,-984.326636248397,21.2306094240617,-480.459033786274,8.25032156827707,-365.498012306371,1075.48164804566,55.250667380267,-1340.67625730751,-1078.67357924795,-606.464867029958,-472.20871221799695,-503.2456118225315
Uruguay,URY,2021Q1,681.123826756912,-19.4649088878833,-1293.03986566353,23.1865837651989,-608.194364029299,-6.58962664346978,-560.990049191022,255.072300975324,51.5769396485145,1103.2483214908,503.040859903622,1117.82485057639,-614.7839906727687,-345.8359691392914
Uruguay,URY,2021Q2,1598.81459353163,-149.554262332878,-1747.44385724168,6.4980773162047,-291.685448726729,-6.49531092674892,-930.978104754665,-711.541118050194,48.4001899719089,558.827574749366,103.001179956416,401.181939609894,-298.18075965347793,1138.400169832145
Uruguay,URY,2021Q3,1600.32191999039,-127.490565083717,-1632.65772488193,9.8698556215447,-149.956514353713,-6.73484457072314,-390.260804679294,533.535110368614,124.955522556086,-478.703055901168,-10.9943119157605,145.697047008676,-156.69135892443614,210.8641306798024
Uruguay,URY,2021Q4,849.52315032405,110.016506540098,-1426.07883742771,38.2829879416756,-428.256192621888,-10.1609235157712,-663.524186433162,1018.19185625019,196.940288156992,-1185.68886318206,-782.607314608045,-344.190198470386,-438.41711613765915,-148.5560677126768
Uruguay,URY,2022Q1,557.898455315363,136.414079012419,-1809.12640201288,47.6465434058318,-1067.16732427926,1.95984429,-503.617757800042,128.065565737721,297.100805271758,373.44027360676,110.132649666196,1175.34012965546,-1065.2074799892598,-185.0975971796719
Uruguay,URY,2022Q2,1768.44225335217,-277.547496355339,-1812.17207940524,36.4927141741822,-284.784608234226,1.91338211,-708.327794944671,1747.68123316496,110.64190482321,-996.539273751045,-568.692764667549,-285.821538543323,-282.87122612422604,-722.905596944589
Uruguay,URY,2022Q3,1568.75356067845,-317.378466726551,-1518.16034142927,38.8888428396334,-227.896404637737,1.99609939,-781.440274209878,88.0534660019356,132.820434960241,514.562699502668,-364.813413765033,-138.913108517297,-225.90030524773698,-320.3694386212236
Uruguay,URY,2022Q4,341.302079550369,143.025464619008,-1618.9777558356,39.3792364828795,-1095.27097518334,-3.03290568456524,-885.417776959846,-118.49173731616,98.2765758675017,-494.326305407843,-1752.29550376635,-653.991622898441,-1098.3038808679053,-351.7277606446306
Uruguay,URY,2023Q1,631.202117097338,521.346395526067,-1912.97194254389,51.2186808313683,-709.204749089118,1.75242406970382,-1003.09980596475,364.444845472975,-236.555982751362,521.55038704033,-35.8152506728063,671.637074346608,-707.4523250194142,316.8497616316612
Uruguay,URY,2023Q2,732.219846318981,-115.593735167116,-1282.57400665499,36.3614359751714,-629.58645952795,2.61145406970382,-865.665319245555,1141.63011035305,44.6819828846348,-288.375197853745,-386.111951661618,240.863053796628,-626.9750054582462,-419.3041891546262
Uruguay,URY,2023Q3,437.485173834786,-159.400833125154,-1079.92528696596,40.6598650037958,-761.181081252529,1.94783576970382,-1081.16682309381,-78.7612999837028,-174.627550470072,428.397684143415,-677.340100424169,81.8931450586559,-759.2332454828252,228.4091109911092
Uruguay,URY,2023Q4,414.140478155756,225.154488014768,-1228.25294047403,48.8839314479791,-540.074042855529,1.60705306970382,117.700732748983,-125.988791059942,-52.8611544373549,-1557.48177573699,-898.994641085301,-360.527651299476,-538.4669897858251,723.0208204027929
Uruguay,URY,2024Q1,740.949641157374,501.267626300642,-1605.10281410453,59.2474560662022,-303.638090580308,-0.0158395975,2008.75661836122,-1362.59515349015,-146.901792520581,-60.0361124925535,889.442208827934,1193.09613900574,-303.65393017780804,450.4454415544684
Uruguay,URY,2024Q2,1302.41784865169,42.6773427518362,-1272.94788701026,48.7851616872456,120.93246608051,0.0770404025,17.8317895442508,-1013.78903455097,-186.392271875421,242.063798490102,495.811056797963,374.801550314954,121.00950648301,1436.084852550085
Uruguay,URY,2024Q3,997.420619081391,-99.5885202046843,-1198.77938513496,45.7646409466204,-255.182645311635,2.0351053325,427.006352344878,-471.391363622554,-104.416114249981,-627.552535221112,-168.64551160877,84.5020283703656,-253.14753997913502,608.2652368948329
Uruguay,URY,2024Q4,428.296268546223,298.446246538846,-1159.18804124247,48.9540621995724,-383.491463957831,0.4212318625,-75.8690767544392,435.608088610681,-43.9962986836196,220.240732277991,-802.041270722585,-418.971038627254,-383.070232095331,-1334.752522518238
